"id","ident","type","name","latitude_deg","longitude_deg","elevation_ft","continent","iso_country","iso_region","municipality","scheduled_service","icao_code","iata_code","gps_code","local_code","home_link","wikipedia_link","keywords"
6924,"07FA","medium_airport","Ocean Reef Club Airport",25.325399,-80.274803,8,"NA","US","US-FL","Key Largo","no",,"OCA","07FA","07FA","https://www.oceanreef.com/community/private-airport-1345.html","https://en.wikipedia.org/wiki/Ocean_Reef_Club_Airport",
12243,"5A8","medium_airport","Aleknagik / New Airport",59.2826004028,-158.617996216,66,"NA","US","US-AK","Aleknagik","yes",,"WKK","5A8","5A8",,"https://en.wikipedia.org/wiki/Aleknagik_Airport",
18945,"K61B","medium_airport","Boulder City Municipal Airport",35.947161,-114.858799,2201,"NA","US","US-NV","Boulder City","yes",,"BLD","KBVU","BVU",,"https://en.wikipedia.org/wiki/Boulder_City_Municipal_Airport","61B"
18966,"K67L","medium_airport","Mesquite Airport",36.833105,-114.055928,1978,"NA","US","US-NV","Mesquite","no",,"MFH","K67L","67L","http://www.cityofmesquite.com/457/Airport-Mesquite-Metro-Airport","https://en.wikipedia.org/wiki/Mesquite_Airport",
19033,"K76F","medium_airport","Van Zandt County Regional Airport",32.681499,-95.9841,518,"NA","US","US-TX","Wills Point","no",,,"K76F","76F",,"https://en.wikipedia.org/wiki/Van_Zandt_County_Regional_Airport",
19042,"K79J","medium_airport","South Alabama Regional At Bill Benton Field Airport",31.3088,-86.393799,310,"NA","US","US-AL","Andalusia/Opp","no",,,"K79J","79J",,"https://en.wikipedia.org/wiki/Andalusia-Opp_Airport","Andalusia Opp Airport"
3356,"KABE","medium_airport","Lehigh Valley International Airport",40.651773,-75.442797,393,"NA","US","US-PA","Allentown/Bethlehem","yes","KABE","ABE","KABE","ABE","https://flyabe.com","https://en.wikipedia.org/wiki/Lehigh_Valley_International_Airport","Allentown–Bethlehem–Easton International Airport"
3357,"KABI","medium_airport","Abilene Regional Airport",32.4113006592,-99.68190002440001,1791,"NA","US","US-TX","Abilene","yes","KABI","ABI","KABI","ABI",,"https://en.wikipedia.org/wiki/Abilene_Regional_Airport",
16091,"KABQ","large_airport","Albuquerque International Sunport",35.039976,-106.608925,5355,"NA","US","US-NM","Albuquerque","yes","KABQ","ABQ","KABQ","ABQ","http://www.abqsunport.com/","https://en.wikipedia.org/wiki/Albuquerque_International_Sunport",
3358,"KABR","medium_airport","Aberdeen Regional Airport",45.449100494384766,-98.42179870605469,1302,"NA","US","US-SD","Aberdeen","yes","KABR","ABR","KABR","ABR",,"https://en.wikipedia.org/wiki/Aberdeen_Regional_Airport",
3359,"KABY","medium_airport","Southwest Georgia Regional Airport",31.532946,-84.196215,197,"NA","US","US-GA","Albany","yes","KABY","ABY","KABY","ABY",,"https://en.wikipedia.org/wiki/Southwest_Georgia_Regional_Airport",
3360,"KACK","medium_airport","Nantucket Memorial Airport",41.25310135,-70.06020355,47,"NA","US","US-MA","Nantucket","yes","KACK","ACK","KACK","ACK",,"https://en.wikipedia.org/wiki/Nantucket_Memorial_Airport",
3361,"KACT","medium_airport","Waco Regional Airport",31.611299514770508,-97.23049926757812,516,"NA","US","US-TX","Waco","yes","KACT","ACT","KACT","ACT",,"https://en.wikipedia.org/wiki/Waco_Regional_Airport",
3362,"KACV","medium_airport","California Redwood Coast-Humboldt County Airport",40.978101,-124.109,221,"NA","US","US-CA","Arcata/Eureka","yes","KACV","ACV","KACV","ACV","https://flyacv.com","https://en.wikipedia.org/wiki/Arcata-Eureka_Airport","Arcata Airport, Arcata–Eureka Airport"
3363,"KACY","medium_airport","Atlantic City International Airport",39.456201,-74.577511,75,"NA","US","US-NJ","Atlantic City","yes","KACY","ACY","KACY","ACY","https://acairport.com","https://en.wikipedia.org/wiki/Atlantic_City_International_Airport",
19235,"KADH","medium_airport","Ada Regional Airport",34.805214,-96.671988,1016,"NA","US","US-OK","Ada","no","KADH","ADT","KADH","ADH",,"https://en.wikipedia.org/wiki/Ada_Municipal_Airport","Ada Municipal"
3364,"KADW","medium_airport","Joint Base Andrews",38.810799,-76.866997,280,"NA","US","US-MD","Camp Springs","no","KADW","ADW","KADW","ADW","http://www.jba.af.mil/","https://en.wikipedia.org/wiki/Joint_Base_Andrews","Andrews Air Force Base"
19242,"KAEG","medium_airport","Double Eagle II Airport",35.145199,-106.794998,5837,"NA","US","US-NM","Albuquerque","no",,,"KAEG","AEG",,"https://en.wikipedia.org/wiki/Double_Eagle_II_Airport",
3365,"KAEX","medium_airport","Alexandria International Airport",31.325828,-92.546702,89,"NA","US","US-LA","Alexandria","yes","KAEX","AEX","KAEX","AEX","https://www.alexandria-louisiana.com/alexandria-international-airport.htm","https://en.wikipedia.org/wiki/Alexandria_International_Airport_(Louisiana)","England Air Park, England Air Force Base"
3366,"KAFW","medium_airport","Perot Field/Fort Worth Alliance Airport",32.99044,-97.31947,722,"NA","US","US-TX","Fort Worth","no","KAFW","AFW","KAFW","AFW","http://www.allianceairport.com/","https://en.wikipedia.org/wiki/Fort_Worth_Alliance_Airport",
3367,"KAGC","medium_airport","Allegheny County Airport",40.354401,-79.930199,1252,"NA","US","US-PA","Pittsburgh","no","KAGC","AGC","KAGC","AGC",,"https://en.wikipedia.org/wiki/Allegheny_County_Airport",
3368,"KAGS","medium_airport","Augusta Regional At Bush Field",33.3699,-81.9645,144,"NA","US","US-GA","Augusta","yes","KAGS","AGS","KAGS","AGS",,"https://en.wikipedia.org/wiki/Augusta_Regional_Airport",
3369,"KAHN","medium_airport","Athens Ben Epps Airport",33.948842,-83.325634,808,"NA","US","US-GA","Athens","no","KAHN","AHN","KAHN","AHN",,"https://en.wikipedia.org/wiki/Athens-Ben_Epps_Airport",
19257,"KAIA","medium_airport","Alliance Municipal Airport",42.052543,-102.803965,3931,"NA","US","US-NE","Alliance","yes","KAIA","AIA","KAIA","AIA",,"https://en.wikipedia.org/wiki/Alliance_Municipal_Airport",
3370,"KAKR","medium_airport","Akron Fulton International Airport",41.037355,-81.46784,1067,"NA","US","US-OH","Akron","no","KAKR","AKC","KAKR","AKR","https://www.akronohio.gov/departments/service/engineering_bureau/akron_fulton_airport.php","https://en.wikipedia.org/wiki/Akron_Executive_Airport","Akron Executive, NAS Akron."
3371,"KALB","large_airport","Albany International Airport",42.748299,-73.801697,285,"NA","US","US-NY","Albany","yes","KALB","ALB","KALB","ALB","http://www.albanyairport.com/","https://en.wikipedia.org/wiki/Albany_International_Airport",
3372,"KALI","medium_airport","Alice International Airport",27.7409,-98.026901,178,"NA","US","US-TX","Alice","no","KALI","ALI","KALI","ALI",,"https://en.wikipedia.org/wiki/Alice_International_Airport",
3373,"KALM","medium_airport","Alamogordo White Sands Regional Airport",32.837818,-105.993149,4200,"NA","US","US-NM","Alamogordo","no","KALM","ALM","KALM","ALM",,"https://en.wikipedia.org/wiki/Alamogordo-White_Sands_Regional_Airport",
3374,"KALN","medium_airport","St Louis Regional Airport",38.89030075069999,-90.0459976196,544,"NA","US","US-IL","Alton/St Louis","no","KALN","ALN","KALN","ALN",,"https://en.wikipedia.org/wiki/St._Louis_Regional_Airport","Civic Memorial Airport"
3375,"KALO","medium_airport","Waterloo Regional Airport",42.557098388671875,-92.40029907226562,873,"NA","US","US-IA","Waterloo","yes","KALO","ALO","KALO","ALO",,"https://en.wikipedia.org/wiki/Waterloo_Regional_Airport",
19275,"KALS","medium_airport","San Luis Valley Regional Airport/Bergman Field",37.434898,-105.866997,7539,"NA","US","US-CO","Alamosa","yes","KALS","ALS","KALS","ALS","https://www.sanluisvalleyairport.org/","https://en.wikipedia.org/wiki/San_Luis_Valley_Regional_Airport",
3376,"KALW","medium_airport","Walla Walla Regional Airport",46.09489822,-118.288002,1194,"NA","US","US-WA","Walla Walla","yes","KALW","ALW","KALW","ALW",,"https://en.wikipedia.org/wiki/Walla_Walla_Regional_Airport",
3377,"KAMA","medium_airport","Rick Husband Amarillo International Airport",35.217857,-101.706444,3607,"NA","US","US-TX","Amarillo","yes","KAMA","AMA","KAMA","AMA","http://airport.amarillo.gov/","https://en.wikipedia.org/wiki/Rick_Husband_Amarillo_International_Airport",
3378,"KANB","medium_airport","Anniston Regional Airport",33.5882,-85.8581,612,"NA","US","US-AL","Anniston","no","KANB","ANB","KANB","ANB",,"https://en.wikipedia.org/wiki/Anniston_Metropolitan_Airport","Anniston Metropolitan"
3379,"KAND","medium_airport","Anderson Regional Airport",34.4945983887,-82.70939636230001,782,"NA","US","US-SC","Anderson","no","KAND","AND","KAND","AND",,"https://en.wikipedia.org/wiki/Anderson_Regional_Airport",
3380,"KAOO","medium_airport","Altoona Blair County Airport",40.296398,-78.32,1503,"NA","US","US-PA","Altoona","yes","KAOO","AOO","KAOO","AOO",,"https://en.wikipedia.org/wiki/Altoona-Blair_County_Airport",
19291,"KAPA","medium_airport","Centennial Airport",39.57009888,-104.848999,5885,"NA","US","US-CO","Denver","no","KAPA","APA","KAPA","APA",,"https://en.wikipedia.org/wiki/Centennial_Airport","Arapahoe County Airport"
19293,"KAPF","medium_airport","Naples Municipal Airport",26.1525993347,-81.7752990723,8,"NA","US","US-FL","Naples","no","KAPF","APF","KAPF","APF",,"https://en.wikipedia.org/wiki/Naples_Municipal_Airport",
3381,"KAPG","medium_airport","Phillips Army Air Field",39.466202,-76.1688,57,"NA","US","US-MD","Aberdeen","no","KAPG","APG","KAPG","APG",,"https://en.wikipedia.org/wiki/Phillips_Army_Airfield","Aberdeen Proving Grounds"
3382,"KAPN","medium_airport","Alpena County Regional Airport",45.0780983,-83.56030273,690,"NA","US","US-MI","Alpena","yes","KAPN","APN","KAPN","APN",,"https://en.wikipedia.org/wiki/Alpena_County_Regional_Airport",
19301,"KARA","medium_airport","Acadiana Regional Airport",30.0378,-91.883904,24,"NA","US","US-LA","New Iberia","no","KARA","ARA","KARA","ARA","http://www.flyiberiaparish.com/","https://en.wikipedia.org/wiki/Acadiana_Regional_Airport",
3383,"KART","medium_airport","Watertown International Airport",43.991901,-76.021698,325,"NA","US","US-NY","Watertown","yes","KART","ART","KART","ART",,"https://en.wikipedia.org/wiki/Watertown_International_Airport",
19308,"KASE","medium_airport","Aspen-Pitkin County Airport (Sardy Field)",39.223202,-106.869003,7820,"NA","US","US-CO","Aspen","yes","KASE","ASE","KASE","ASE","http://aspenairport.com/","https://en.wikipedia.org/wiki/Aspen%E2%80%93Pitkin_County_Airport",
19314,"KAST","medium_airport","Astoria Regional Airport",46.158000946,-123.878997803,15,"NA","US","US-OR","Astoria","no","KAST","AST","KAST","AST",,"https://en.wikipedia.org/wiki/Astoria_Regional_Airport",
3384,"KATL","large_airport","Hartsfield Jackson Atlanta International Airport",33.6367,-84.428101,1026,"NA","US","US-GA","Atlanta","yes","KATL","ATL","KATL","ATL","https://www.atl.com","https://en.wikipedia.org/wiki/Hartsfield–Jackson_Atlanta_International_Airport",
19320,"KATW","medium_airport","Appleton International Airport",44.258515,-88.519,918,"NA","US","US-WI","Appleton","yes","KATW","ATW","KATW","ATW","http://atwairport.com/","https://en.wikipedia.org/wiki/Outagamie_County_Regional_Airport","Outagamie County Regional Airport"
3385,"KATY","medium_airport","Watertown Regional Airport",44.91400146,-97.15470123,1749,"NA","US","US-SD","Watertown","yes","KATY","ATY","KATY","ATY",,"https://en.wikipedia.org/wiki/Watertown_Regional_Airport",
19321,"KAUG","medium_airport","Augusta State Airport",44.320598602299995,-69.7973022461,352,"NA","US","US-ME","Augusta","yes","KAUG","AUG","KAUG","AUG",,"https://en.wikipedia.org/wiki/Augusta_State_Airport",
3386,"KAUS","large_airport","Austin Bergstrom International Airport",30.197535,-97.662015,542,"NA","US","US-TX","Austin","yes","KAUS","AUS","KAUS","AUS","http://www.ci.austin.tx.us/austinairport/","https://en.wikipedia.org/wiki/Austin-Bergstrom_International_Airport","BSM, KBSM, Bergstrom AFB"
19326,"KAUW","medium_airport","Wausau Downtown Airport",44.9262008667,-89.6266021729,1201,"NA","US","US-WI","Wausau","no","KAUW","AUW","KAUW","AUW","http://www.ci.wausau.wi.us/Departments/Airport/GeneralInformation.aspx","https://en.wikipedia.org/wiki/Wausau_Downtown_Airport",
3387,"KAVL","medium_airport","Asheville Regional Airport",35.435488,-82.541853,2165,"NA","US","US-NC","Asheville","yes","KAVL","AVL","KAVL","AVL","https://flyavl.com","https://en.wikipedia.org/wiki/Asheville_Regional_Airport",
3388,"KAVP","medium_airport","Wilkes-Barre/Scranton International Airport",41.337064,-75.724232,962,"NA","US","US-PA","Wilkes-Barre/Scranton","yes","KAVP","AVP","KAVP","AVP","http://www.flyavp.com/","https://en.wikipedia.org/wiki/Wilkes-Barre/Scranton_International_Airport",
19334,"KAWO","medium_airport","Arlington Municipal Airport",48.161448,-122.158442,142,"NA","US","US-WA","Arlington","yes",,,"KAWO","AWO",,"https://en.wikipedia.org/wiki/Arlington_Municipal_Airport_(Washington)",
3389,"KAXN","medium_airport","Chandler Field",45.866299,-95.394699,1425,"NA","US","US-MN","Alexandria","no","KAXN","AXN","KAXN","AXN",,"https://en.wikipedia.org/wiki/Alexandria_Municipal_Airport",
3390,"KAZO","medium_airport","Kalamazoo/Battle Creek International Airport",42.232105,-85.549637,874,"NA","US","US-MI","Kalamazoo","yes","KAZO","AZO","KAZO","AZO","https://flyazo.com","https://en.wikipedia.org/wiki/Kalamazoo-Battle_Creek_International_Airport",
3391,"KBAB","medium_airport","Beale Air Force Base",39.136101,-121.436996,113,"NA","US","US-CA","Beale Air Force Base","no","KBAB","BAB","KBAB","BAB",,"https://en.wikipedia.org/wiki/Beale_Air_Force_Base","Marysville"
3392,"KBAD","medium_airport","Barksdale Air Force Base",32.501801,-93.662697,166,"NA","US","US-LA","Bossier City","no","KBAD","BAD","KBAD","BAD",,"https://en.wikipedia.org/wiki/Barksdale_Air_Force_Base",
3393,"KBAF","medium_airport","Westfield-Barnes Regional Airport",42.157799,-72.715599,271,"NA","US","US-MA","Westfield","no","KBAF","BAF","KBAF","BAF",,"https://en.wikipedia.org/wiki/Westfield-Barnes_Regional_Airport","Barnes Municipal Airport, Springfield"
3394,"KBAK","medium_airport","Columbus Municipal Airport",39.262386,-85.895576,656,"NA","US","US-IN","Columbus","no","KBAK","CLU","KBAK","BAK",,"https://en.wikipedia.org/wiki/Columbus_Municipal_Airport_(Indiana)",
19351,"KBAZ","medium_airport","New Braunfels National Airport",29.7045,-98.042198,651,"NA","US","US-TX","New Braunfels","no","KBAZ",,"KBAZ","BAZ","https://www.nbtexas.org/2393/Airport---KBAZ","https://en.wikipedia.org/wiki/New_Braunfels_Regional_Airport","3R5, Clear Springs AFB"
19353,"KBBD","medium_airport","Curtis Field",31.178931,-99.324732,1827,"NA","US","US-TX","Brady","no","KBBD","BBD","KBBD","BBD",,"https://en.wikipedia.org/wiki/Curtis_Field",
45961,"KBBG","medium_airport","Branson Airport",36.532082,-93.200544,1302,"NA","US","US-MO","Branson","yes","KBBG","BKG","KBBG","BBG","http://flybranson.com/","https://en.wikipedia.org/wiki/Branson_Airport",
19357,"KBCE","medium_airport","Bryce Canyon Airport",37.706401825,-112.144996643,7590,"NA","US","US-UT","Bryce Canyon","no","KBCE","BCE","KBCE","BCE","http://www.brycecanyonairport.com/","https://en.wikipedia.org/wiki/Bryce_Canyon_Airport",
19359,"KBCT","medium_airport","Boca Raton Airport",26.3785,-80.107697,13,"NA","US","US-FL","Boca Raton","no","KBCT","BCT","KBCT","BCT",,"https://en.wikipedia.org/wiki/Boca_Raton_Airport","Boca Raton AAF"
3395,"KBDE","medium_airport","Baudette International Airport",48.7284011841,-94.612197876,1086,"NA","US","US-MN","Baudette","no","KBDE","BDE","KBDE","BDE",,"https://en.wikipedia.org/wiki/Baudette_International_Airport",
3396,"KBDL","large_airport","Bradley International Airport",41.938555,-72.688016,173,"NA","US","US-CT","Hartford","yes","KBDL","BDL","KBDL","BDL","http://www.bradleyairport.com/","https://en.wikipedia.org/wiki/Bradley_International_Airport","HFD, Hartford"
3397,"KBDR","medium_airport","Igor I Sikorsky Memorial Airport",41.163502,-73.126198,9,"NA","US","US-CT","Bridgeport","no","KBDR","BDR","KBDR","BDR",,"https://en.wikipedia.org/wiki/Sikorsky_Memorial_Airport",
3398,"KBED","medium_airport","Laurence G Hanscom Field",42.470001,-71.289001,133,"NA","US","US-MA","Bedford","yes","KBED","BED","KBED","BED","http://www.massport.com/hansc/","https://en.wikipedia.org/wiki/Hanscom_Field","Hanscom Air Force Base"
3399,"KBFD","medium_airport","Bradford Regional Airport",41.8031005859375,-78.64009857177734,2143,"NA","US","US-PA","Bradford","yes","KBFD","BFD","KBFD","BFD",,"https://en.wikipedia.org/wiki/Bradford_Regional_Airport",
3400,"KBFF","medium_airport","Western Neb. Rgnl/William B. Heilig Airport",41.87400055,-103.5960007,3967,"NA","US","US-NE","Scottsbluff","yes","KBFF","BFF","KBFF","BFF",,"https://en.wikipedia.org/wiki/Western_Nebraska_Regional_Airport","William B. Heilig Field"
3401,"KBFI","medium_airport","King County International Airport - Boeing Field",47.527042,-122.29995,21,"NA","US","US-WA","Seattle","yes","KBFI","BFI","KBFI","BFI","https://kingcounty.gov/airport","https://en.wikipedia.org/wiki/Boeing_Field","Boeing Field"
3402,"KBFL","medium_airport","Meadows Field",35.433601,-119.056999,510,"NA","US","US-CA","Bakersfield","yes","KBFL","BFL","KBFL","BFL",,"https://en.wikipedia.org/wiki/Meadows_Field_Airport",
3403,"KBFM","medium_airport","Mobile Downtown Airport",30.626800537100003,-88.06809997559999,26,"NA","US","US-AL","Mobile","no","KBFM","BFM","KBFM","BFM",,"https://en.wikipedia.org/wiki/Mobile_Downtown_Airport",
3404,"KBGM","medium_airport","Greater Binghamton/Edwin A Link field",42.20869827,-75.97979736,1636,"NA","US","US-NY","Binghamton","yes","KBGM","BGM","KBGM","BGM","http://binghamtonairport.com/","https://en.wikipedia.org/wiki/Greater_Binghamton_Airport","Broome County Airport, Edwin A Link Field"
3405,"KBGR","medium_airport","Bangor International Airport",44.806364,-68.826668,192,"NA","US","US-ME","Bangor","yes","KBGR","BGR","KBGR","BGR","https://flybangor.com","https://en.wikipedia.org/wiki/Bangor_International_Airport",
19373,"KBHB","medium_airport","Hancock County-Bar Harbor Airport",44.45000076,-68.3615036,83,"NA","US","US-ME","Bar Harbor","yes","KBHB","BHB","KBHB","BHB",,"https://en.wikipedia.org/wiki/Hancock_County-Bar_Harbor_Airport",
3406,"KBHM","large_airport","Birmingham-Shuttlesworth International Airport",33.562877,-86.750712,650,"NA","US","US-AL","Birmingham","yes","KBHM","BHM","KBHM","BHM","http://www.flybirmingham.com/","https://en.wikipedia.org/wiki/Birmingham_International_Airport_(US)",
3407,"KBIF","medium_airport","Biggs Army Air Field (Fort Bliss)",31.84950066,-106.3799973,3946,"NA","US","US-TX","Fort Bliss/El Paso","no","KBIF","BIF","KBIF","BIF","https://www.bliss.army.mil/biggs/","https://en.wikipedia.org/wiki/Biggs_Army_Airfield","Fort Bliss"
19377,"KBIH","medium_airport","Eastern Sierra Regional Airport",37.3731,-118.363998,4124,"NA","US","US-CA","Bishop","yes","KBIH","BIH","KBIH","BIH","http://www.inyocounty.us/Airport/index.html","https://en.wikipedia.org/wiki/Eastern_Sierra_Regional_Airport",
3408,"KBIL","medium_airport","Billings Logan International Airport",45.808932,-108.541242,3652,"NA","US","US-MT","Billings","yes","KBIL","BIL","KBIL","BIL",,"https://en.wikipedia.org/wiki/Billings_Logan_International_Airport",
3409,"KBIS","medium_airport","Bismarck Municipal Airport",46.772734,-100.746874,1661,"NA","US","US-ND","Bismarck","yes","KBIS","BIS","KBIS","BIS","https://bismarckairport.com/","https://en.wikipedia.org/wiki/Bismarck_Municipal_Airport","Burleigh County Airport"
3410,"KBIX","medium_airport","Keesler Air Force Base",30.4104003906,-88.92440032959999,33,"NA","US","US-MS","Biloxi","no","KBIX","BIX","KBIX","BIX",,"https://en.wikipedia.org/wiki/Keesler_Air_Force_Base",
3411,"KBJC","medium_airport","Rocky Mountain Metropolitan Airport",39.908798,-105.116997,5673,"NA","US","US-CO","Denver","yes","KBJC","BJC","KBJC","BJC",,"https://en.wikipedia.org/wiki/Rocky_Mountain_Metropolitan_Airport","Jefferson County Airport, Jeffco Airport"
19380,"KBJI","medium_airport","Bemidji Regional Airport",47.50939941,-94.93370056,1391,"NA","US","US-MN","Bemidji","no","KBJI","BJI","KBJI","BJI","http://www.bemidjiairport.org/","https://en.wikipedia.org/wiki/Bemidji_Regional_Airport",
3412,"KBKE","medium_airport","Baker City Municipal Airport",44.837299346900004,-117.808998108,3373,"NA","US","US-OR","Baker City","no","KBKE","BKE","KBKE","BKE","http://www.bakeraircraft.com/","https://en.wikipedia.org/wiki/Baker_City_Municipal_Airport",
3413,"KBKF","medium_airport","Buckley Space Force Base",39.701698,-104.751999,5662,"NA","US","US-CO","Aurora","no","KBKF","BFK","KBKF","BKF","https://www.buckley.spaceforce.mil/","https://en.wikipedia.org/wiki/Buckley_Space_Force_Base","Buckley AFB, Buckley ANGB, Denver NAS, Buckley Field, Demolition Bombing Range–Lowry Auxiliary Field"
3414,"KBKL","medium_airport","Burke Lakefront Airport",41.51750183105469,-81.68329620361328,583,"NA","US","US-OH","Cleveland","no","KBKL","BKL","KBKL","BKL","http://www.clevelandairport.com/site/470/default.aspx","https://en.wikipedia.org/wiki/Cleveland_Burke_Lakefront_Airport",
3415,"KBKW","medium_airport","Raleigh County Memorial Airport",37.7873,-81.124199,2504,"NA","US","US-WV","Beaver","yes","KBKW","BKW","KBKW","BKW",,"https://en.wikipedia.org/wiki/Beckley_Raleigh_County_Memorial_Airport","Beckley"
19387,"KBLF","medium_airport","Mercer County Airport",37.295799,-81.207703,2857,"NA","US","US-WV","Bluefield","no","KBLF","BLF","KBLF","BLF",,"https://en.wikipedia.org/wiki/Mercer_County_Airport_(West_Virginia)",
19388,"KBLH","medium_airport","Blythe Airport",33.6192016602,-114.717002869,399,"NA","US","US-CA","Blythe","no","KBLH","BLH","KBLH","BLH",,"https://en.wikipedia.org/wiki/Blythe_Airport",
3416,"KBLI","medium_airport","Bellingham International Airport",48.79280090332031,-122.53800201416016,170,"NA","US","US-WA","Bellingham","yes","KBLI","BLI","KBLI","BLI",,"https://en.wikipedia.org/wiki/Bellingham_International_Airport",
3417,"KBLV","medium_airport","Scott AFB/Midamerica Airport",38.5452,-89.835197,459,"NA","US","US-IL","Belleville","yes","KBLV","BLV","KBLV","BLV",,"https://en.wikipedia.org/wiki/Scott_Air_Force_Base","Scott Air Force Base"
3418,"KBMG","medium_airport","Monroe County Airport",39.145999908447266,-86.61669921875,846,"NA","US","US-IN","Bloomington","no","KBMG","BMG","KBMG","BMG",,"https://en.wikipedia.org/wiki/Monroe_County_Airport_(Indiana)",
3419,"KBMI","medium_airport","Central Illinois Regional Airport at Bloomington-Normal",40.4771,-88.915901,871,"NA","US","US-IL","Bloomington/Normal","yes","KBMI","BMI","KBMI","BMI",,"https://en.wikipedia.org/wiki/Central_Illinois_Regional_Airport",
3420,"KBNA","large_airport","Nashville International Airport",36.1245,-86.6782,599,"NA","US","US-TN","Nashville","yes","KBNA","BNA","KBNA","BNA","https://flynashville.com/","https://en.wikipedia.org/wiki/Nashville_International_Airport",
19397,"KBNO","medium_airport","Burns Municipal Airport",43.590463,-118.955154,4148,"NA","US","US-OR","Burns","no","KBNO","BNO","KBNO","BNO","http://www.ci.burns.or.us/airport.html","https://en.wikipedia.org/wiki/Burns_Municipal_Airport",
3421,"KBOI","large_airport","Boise Air Terminal/Gowen Field",43.5644,-116.223,2871,"NA","US","US-ID","Boise","yes","KBOI","BOI","KBOI","BOI","http://www.cityofboise.org/departments/airport/","https://en.wikipedia.org/wiki/Boise_Airport","Boise Air Terminal, Gowen Field"
3422,"KBOS","large_airport","Boston Logan International Airport",42.36197,-71.0079,20,"NA","US","US-MA","Boston","yes","KBOS","BOS","KBOS","BOS","http://www.massport.com/logan/","https://en.wikipedia.org/wiki/Logan_International_Airport","General Edward Lawrence Logan International Airport"
19401,"KBPI","medium_airport","Miley Memorial Field",42.58509827,-110.1110001,6990,"NA","US","US-WY","Big Piney","no","KBPI","BPI","KBPI","BPI",,"https://en.wikipedia.org/wiki/Miley_Memorial_Field","Big Piney-Marbleton Airport"
19402,"KBPK","medium_airport","Ozark Regional Airport",36.3689002991,-92.47049713130001,928,"NA","US","US-AR","Mountain Home","no","KBPK","WMH","KBPK","BPK","http://www.flytheozarks.com/","https://en.wikipedia.org/wiki/Ozark_Regional_Airport","Baxter County Regional Airport"
3423,"KBPT","medium_airport","Jack Brooks Regional Airport",29.9508,-94.020699,15,"NA","US","US-TX","Beaumont/Port Arthur","yes","KBPT","BPT","KBPT","BPT","https://flysetx.com/","https://en.wikipedia.org/wiki/Jack_Brooks_Regional_Airport","Southeast Texas Regional"
3424,"KBQK","medium_airport","Brunswick Golden Isles Airport",31.258801,-81.466499,26,"NA","US","US-GA","Brunswick","yes","KBQK","BQK","KBQK","BQK",,"https://en.wikipedia.org/wiki/Brunswick_Golden_Isles_Airport","Glynco Jetport"
19406,"KBRD","medium_airport","Brainerd Lakes Regional Airport",46.402861,-94.129727,1232,"NA","US","US-MN","Brainerd","yes","KBRD","BRD","KBRD","BRD","http://brainerdairport.com/","https://en.wikipedia.org/wiki/Brainerd_Lakes_Regional_Airport","Crow Wing County Airport"
3425,"KBRL","medium_airport","Southeast Iowa Regional Airport",40.783199310302734,-91.12550354003906,698,"NA","US","US-IA","Burlington","yes","KBRL","BRL","KBRL","BRL",,"https://en.wikipedia.org/wiki/Southeast_Iowa_Regional_Airport",
3426,"KBRO","medium_airport","Brownsville South Padre Island International Airport",25.907238,-97.425235,22,"NA","US","US-TX","Brownsville","yes","KBRO","BRO","KBRO","BRO","https://flybrownsville.com","https://en.wikipedia.org/wiki/Brownsville/South_Padre_Island_International_Airport",
3427,"KBTL","medium_airport","Battle Creek Executive Airport at Kellogg Field",42.307301,-85.251503,952,"NA","US","US-MI","Battle Creek","no","KBTL","BTL","KBTL","BTL","http://www.battlecreekmi.gov/City_Government/Departments/W_K__Kellogg_Airport.htm","https://en.wikipedia.org/wiki/W.K._Kellogg_Regional_Airport","W K Kellogg"
3428,"KBTM","medium_airport","Bert Mooney Airport",45.95479965209961,-112.49700164794922,5550,"NA","US","US-MT","Butte","yes","KBTM","BTM","KBTM","BTM",,"https://en.wikipedia.org/wiki/Bert_Mooney_Airport",
3429,"KBTR","medium_airport","Baton Rouge Metropolitan Airport",30.533199,-91.149597,70,"NA","US","US-LA","Baton Rouge","yes","KBTR","BTR","KBTR","BTR",,"https://en.wikipedia.org/wiki/Baton_Rouge_Metropolitan_Airport",
3430,"KBTV","medium_airport","Patrick Leahy Burlington International Airport",44.471901,-73.153297,335,"NA","US","US-VT","Burlington","yes","KBTV","BTV","KBTV","BTV","http://www.vermontairports.com/btv.html","https://en.wikipedia.org/wiki/Burlington_International_Airport",
3431,"KBUF","large_airport","Buffalo Niagara International Airport",42.940498,-78.732201,728,"NA","US","US-NY","Buffalo","yes","KBUF","BUF","KBUF","BUF","https://www.buffaloairport.com/","https://en.wikipedia.org/wiki/Buffalo_Niagara_International_Airport",
3432,"KBUR","large_airport","Hollywood Burbank Airport",34.202834,-118.35805,778,"NA","US","US-CA","Burbank","yes","KBUR","BUR","KBUR","BUR","https://www.hollywoodburbankairport.com/","https://en.wikipedia.org/wiki/Hollywood_Burbank_Airport","United Airport, Union Air Terminal, Lockheed Air Terminal, Burbank–Glendale–Pasadena"
19417,"KBVI","medium_airport","Beaver County Airport",40.772499,-80.391403,1253,"NA","US","US-PA","Beaver Falls","no","KBVI","BFP","KBVI","BVI",,"https://en.wikipedia.org/wiki/Beaver_County_Airport",
3433,"KBVY","medium_airport","Beverly Regional Airport",42.584202,-70.916496,107,"NA","US","US-MA","Beverly / Danvers","no","KBVY","BVY","KBVY","BVY","http://www.beverlyairport.com/","https://en.wikipedia.org/wiki/Beverly_Municipal_Airport",
3434,"KBWG","medium_airport","Bowling Green Warren County Regional Airport",36.964500427199994,-86.41970062259999,547,"NA","US","US-KY","Bowling Green","no","KBWG","BWG","KBWG","BWG",,"https://en.wikipedia.org/wiki/Bowling_Green-Warren_County_Regional_Airport",
3435,"KBWI","large_airport","Baltimore/Washington International Thurgood Marshall Airport",39.1754,-76.668297,146,"NA","US","US-MD","Baltimore","yes","KBWI","BWI","KBWI","BWI","https://www.bwiairport.com/","https://en.wikipedia.org/wiki/Baltimore/Washington_International_Airport","WAS, Friendship International"
3729,"KBXM","medium_airport","Brunswick Executive Airport",43.89220047,-69.93859863,72,"NA","US","US-ME","Brunswick","no","KBXM","NHZ","KBXM","BXM","http://mrra.us/brunswick-executive-airport/","https://en.wikipedia.org/wiki/Brunswick_Executive_Airport","KHNZ, Brunswick NAS"
3436,"KBYH","medium_airport","Arkansas International Airport",35.9642982483,-89.94400024410001,254,"NA","US","US-AR","Blytheville","no","KBYH","BYH","KBYH","BYH",,"https://en.wikipedia.org/wiki/Arkansas_International_Airport","Blytheville AFB, Eaker AFB"
19429,"KBYI","medium_airport","Burley Municipal Airport",42.542598724399994,-113.772003174,4150,"NA","US","US-ID","Burley","no","KBYI","BYI","KBYI","BYI","http://burleyidaho.org/city-of-burley/airport/","https://en.wikipedia.org/wiki/Burley_Municipal_Airport","J R Jack Simplot Airport"
19430,"KBYS","medium_airport","Bicycle Lake Army Air Field",35.2804985046,-116.629997253,2350,"NA","US","US-CA","Fort Irwin/Barstow","no","KBYS","BYS","KBYS","BYS",,"https://en.wikipedia.org/wiki/Bicycle_Lake_Army_Airfield",
3437,"KBZN","medium_airport","Bozeman Yellowstone International Airport",45.778853,-111.153711,4473,"NA","US","US-MT","Bozeman","yes","KBZN","BZN","KBZN","BZN","https://bozemanairport.com","https://en.wikipedia.org/wiki/Bozeman_Yellowstone_International_Airport","Gallatin Field"
3438,"KCAE","medium_airport","Columbia Metropolitan Airport",33.938172,-81.123022,236,"NA","US","US-SC","Columbia","yes","KCAE","CAE","KCAE","CAE","https://flycae.com","https://en.wikipedia.org/wiki/Columbia_Metropolitan_Airport",
3439,"KCAK","medium_airport","Akron Canton Regional Airport",40.916099548339844,-81.44219970703125,1228,"NA","US","US-OH","Akron","yes","KCAK","CAK","KCAK","CAK",,"https://en.wikipedia.org/wiki/Akron-Canton_Regional_Airport",
3440,"KCAR","medium_airport","Caribou Municipal Airport",46.871498,-68.017899,626,"NA","US","US-ME","Caribou","no","KCAR","CAR","KCAR","CAR",,"https://en.wikipedia.org/wiki/Caribou_Municipal_Airport",
3441,"KCBM","medium_airport","Columbus Air Force Base",33.643799,-88.443802,219,"NA","US","US-MS","Columbus","no","KCBM","CBM","KCBM","CBM",,"https://en.wikipedia.org/wiki/Columbus_Air_Force_Base",
19469,"KCCR","medium_airport","Buchanan Field",37.9897,-122.056999,26,"NA","US","US-CA","Concord","yes","KCCR","CCR","KCCR","CCR",,"https://en.wikipedia.org/wiki/Buchanan_Field_Airport",
19470,"KCCY","medium_airport","Northeast Iowa Regional Airport",43.0726013184,-92.6108016968,1125,"NA","US","US-IA","Charles City","no","KCCY","CCY","KCCY","CCY",,"https://en.wikipedia.org/wiki/Northeast_Iowa_Regional_Airport","Charles City Municipal Airport"
3442,"KCDC","medium_airport","Cedar City Regional Airport",37.70100021362305,-113.0989990234375,5622,"NA","US","US-UT","Cedar City","yes","KCDC","CDC","KCDC","CDC",,"https://en.wikipedia.org/wiki/Cedar_City_Regional_Airport",
19474,"KCDR","medium_airport","Chadron Municipal Airport",42.837601,-103.095001,3297,"NA","US","US-NE","Chadron","yes","KCDR","CDR","KCDR","CDR",,"https://en.wikipedia.org/wiki/Chadron_Municipal_Airport",
19475,"KCDS","medium_airport","Childress Municipal Airport",34.4337997437,-100.288002014,1954,"NA","US","US-TX","Childress","no","KCDS","CDS","KCDS","CDS",,"https://en.wikipedia.org/wiki/Childress_Municipal_Airport",
3443,"KCEC","medium_airport","Jack Mc Namara Field Airport",41.778929,-124.236403,61,"NA","US","US-CA","Crescent City","yes","KCEC","CEC","KCEC","CEC",,"https://en.wikipedia.org/wiki/Del_Norte_County_Airport","Jack McNamara Field"
3444,"KCEF","medium_airport","Westover Metropolitan Airport / Westover Air Reserve Base",42.194,-72.534798,241,"NA","US","US-MA","Chicopee","no",,"CEF","KCEF","CEF","https://westoverairport.com","https://en.wikipedia.org/wiki/Westover_Air_Reserve_Base/Metropolitan_Airport",
3445,"KCEW","medium_airport","Bob Sikes Airport",30.778799057,-86.522102356,213,"NA","US","US-FL","Crestview","no","KCEW","CEW","KCEW","CEW","http://www.flycew.com/","https://en.wikipedia.org/wiki/Bob_Sikes_Airport",
19482,"KCEZ","medium_airport","Cortez Municipal Airport",37.303001,-108.627998,5918,"NA","US","US-CO","Cortez","yes","KCEZ","CEZ","KCEZ","CEZ","http://www.cityofcortez.com/index.aspx?NID=113","https://en.wikipedia.org/wiki/Cortez_Municipal_Airport",
3446,"KCGF","medium_airport","Cuyahoga County Airport",41.5651016235,-81.4863967896,879,"NA","US","US-OH","Cleveland","no","KCGF","CGF","KCGF","CGF","http://publicworks.cuyahogacounty.us/en-US/County-Airport.aspx","https://en.wikipedia.org/wiki/Cuyahoga_County_Airport",
3447,"KCGI","medium_airport","Cape Girardeau Regional Airport",37.2253,-89.570801,342,"NA","US","US-MO","Cape Girardeau","yes","KCGI","CGI","KCGI","CGI",,"https://en.wikipedia.org/wiki/Cape_Girardeau_Regional_Airport",
3448,"KCHA","medium_airport","Chattanooga Metropolitan Airport (Lovell Field)",35.035301,-85.203796,683,"NA","US","US-TN","Chattanooga","yes","KCHA","CHA","KCHA","CHA","https://www.flycha.com/","https://en.wikipedia.org/wiki/Chattanooga_Metropolitan_Airport",
3449,"KCHO","medium_airport","Charlottesville Albemarle Airport",38.13859939575195,-78.4529037475586,639,"NA","US","US-VA","Charlottesville","yes","KCHO","CHO","KCHO","CHO",,"https://en.wikipedia.org/wiki/Charlottesville-Albemarle_Airport",
3450,"KCHS","large_airport","Charleston International Airport",32.896159,-80.038151,46,"NA","US","US-SC","Charleston","yes","KCHS","CHS","KCHS","CHS","https://www.iflychs.com/","https://en.wikipedia.org/wiki/Charleston_International_Airport","Charleston Air Force Base"
3451,"KCID","medium_airport","The Eastern Iowa Airport",41.884701,-91.7108,869,"NA","US","US-IA","Cedar Rapids","yes","KCID","CID","KCID","CID",,"https://en.wikipedia.org/wiki/The_Eastern_Iowa_Airport","Cedar Rapids Municipal"
3452,"KCIU","medium_airport","Chippewa County International Airport",46.242038,-84.462082,800,"NA","US","US-MI","Kincheloe","yes","KCIU","CIU","KCIU","CIU",,"https://en.wikipedia.org/wiki/Chippewa_County_International_Airport","Sault Sainte Marie, Sault Ste Marie"
3453,"KCKB","medium_airport","North Central West Virginia Airport",39.2966,-80.228104,1217,"NA","US","US-WV","Bridgeport","yes","KCKB","CKB","KCKB","CKB",,"https://en.wikipedia.org/wiki/Harrison/Marion_Regional_Airport",
3454,"KCLE","large_airport","Cleveland Hopkins International Airport",41.411701,-81.8498,791,"NA","US","US-OH","Cleveland","yes","KCLE","CLE","KCLE","CLE","http://www.clevelandairport.com/","https://en.wikipedia.org/wiki/Cleveland_Hopkins_International_Airport",
3455,"KCLL","medium_airport","Easterwood Field",30.5886,-96.3638,320,"NA","US","US-TX","College Station","yes","KCLL","CLL","KCLL","CLL","https://flyeasterwood.com/","https://en.wikipedia.org/wiki/Easterwood_Airport",
3456,"KCLM","medium_airport","William R Fairchild International Airport",48.120201,-123.5,291,"NA","US","US-WA","Port Angeles","no","KCLM","CLM","KCLM","CLM",,"https://en.wikipedia.org/wiki/William_R._Fairchild_International_Airport",
3457,"KCLT","large_airport","Charlotte Douglas International Airport",35.2140007019043,-80.94309997558594,748,"NA","US","US-NC","Charlotte","yes","KCLT","CLT","KCLT","CLT","http://www.charlotteairport.com/","https://en.wikipedia.org/wiki/Charlotte/Douglas_International_Airport",
19517,"KCMA","medium_airport","Camarillo International Airport",34.213699,-119.094002,77,"NA","US","US-CA","Camarillo","no",,,"KCMA","CMA",,"https://en.wikipedia.org/wiki/Camarillo_Airport",
3458,"KCMH","large_airport","John Glenn Columbus International Airport",39.998001,-82.891899,815,"NA","US","US-OH","Columbus","yes","KCMH","CMH","KCMH","CMH","https://flycolumbus.com/","https://en.wikipedia.org/wiki/John_Glenn_Columbus_International_Airport",
3459,"KCMI","medium_airport","University of Illinois Willard Airport",40.039819,-88.276249,755,"NA","US","US-IL","Savoy","yes","KCMI","CMI","KCMI","CMI",,"https://en.wikipedia.org/wiki/University_of_Illinois_Willard_Airport","Champaign, Urbana"
3460,"KCMX","medium_airport","Houghton County Memorial Airport",47.168399810791016,-88.48909759521484,1095,"NA","US","US-MI","Hancock","yes","KCMX","CMX","KCMX","CMX",,"https://en.wikipedia.org/wiki/Houghton_County_Memorial_Airport",
3461,"KCNM","medium_airport","Cavern City Air Terminal",32.337501525878906,-104.26300048828125,3295,"NA","US","US-NM","Carlsbad","yes","KCNM","CNM","KCNM","CNM",,"https://en.wikipedia.org/wiki/Cavern_City_Air_Terminal",
19527,"KCNU","medium_airport","Chanute Martin Johnson Airport",37.668173,-95.486727,1002,"NA","US","US-KS","Chanute","no","KCNU","CNU","KCNU","CNU","http://www.chanute.org/index.aspx?NID=65","https://en.wikipedia.org/wiki/Chanute_Martin_Johnson_Airport",
19529,"KCNY","medium_airport","Canyonlands Regional Airport",38.755001,-109.754997,4557,"NA","US","US-UT","Moab","yes","KCNY","CNY","KCNY","CNY","https://www.grandcountyutah.net/263/Airport","https://en.wikipedia.org/wiki/Canyonlands_Field",
19530,"KCOD","medium_airport","Yellowstone Regional Airport",44.520199,-109.024002,5102,"NA","US","US-WY","Cody","yes","KCOD","COD","KCOD","COD","http://www.flyyra.com/","https://en.wikipedia.org/wiki/Yellowstone_Regional_Airport",
19531,"KCOE","medium_airport","Coeur D'Alene Airport - Pappy Boyington Field",47.7743,-116.82,2320,"NA","US","US-ID","Coeur d'Alene","no","KCOE","COE","KCOE","COE","http://www.cdaairport.com/","https://en.wikipedia.org/wiki/Coeur_d'Alene_Airport","Coeur d'Alene Air Terminal"
3462,"KCOF","medium_airport","Patrick Space Force Base",28.2349,-80.6101,8,"NA","US","US-FL","Cocoa Beach","no","KCOF","COF","KCOF","COF","http://www.patrick.af.mil/","https://en.wikipedia.org/wiki/Patrick_Air_Force_Base","Naval Air Station Banana River"
19534,"KCON","medium_airport","Concord Municipal Airport",43.20270157,-71.50229645,342,"NA","US","US-NH","Concord","no","KCON","CON","KCON","CON","http://www.concordnh.gov/facilities/facility/details/Concord-Municipal-Airport-31","https://en.wikipedia.org/wiki/Concord_Municipal_Airport",
3463,"KCOS","large_airport","City of Colorado Springs Municipal Airport",38.805801,-104.700996,6187,"NA","US","US-CO","Colorado Springs","yes","KCOS","COS","KCOS","COS","https://flycos.coloradosprings.gov/","https://en.wikipedia.org/wiki/Colorado_Springs_Airport","Peterson SFB, Colorado Springs Airport"
3464,"KCOU","medium_airport","Columbia Regional Airport",38.8181,-92.219597,889,"NA","US","US-MO","Columbia","yes","KCOU","COU","KCOU","COU",,"https://en.wikipedia.org/wiki/Columbia_Regional_Airport",
3465,"KCPR","medium_airport","Casper-Natrona County International Airport",42.907381,-106.461609,5350,"NA","US","US-WY","Casper","yes","KCPR","CPR","KCPR","CPR",,"https://en.wikipedia.org/wiki/Natrona_County_International_Airport",
19549,"KCRE","medium_airport","Grand Strand Airport",33.8116989136,-78.72389984130001,32,"NA","US","US-SC","North Myrtle Beach","no","KCRE","CRE","KCRE","CRE",,"https://en.wikipedia.org/wiki/Grand_Strand_Airport",
19550,"KCRG","medium_airport","Jacksonville Executive at Craig Airport",30.3362998962,-81.51439666750001,41,"NA","US","US-FL","Jacksonville","no","KCRG","CRG","KCRG","CRG","http://www.flyjacksonville.com/content.aspx?id=86","https://en.wikipedia.org/wiki/Jacksonville_Executive_at_Craig_Airport","Craig Municipal Airport"
3466,"KCRP","medium_airport","Corpus Christi International Airport",27.770399,-97.501198,44,"NA","US","US-TX","Corpus Christi","yes","KCRP","CRP","KCRP","CRP",,"https://en.wikipedia.org/wiki/Corpus_Christi_International_Airport",
19552,"KCRQ","medium_airport","McClellan-Palomar Airport",33.1283,-117.279999,331,"NA","US","US-CA","Carlsbad","yes","KCRQ","CLD","KCRQ","CRQ",,"https://en.wikipedia.org/wiki/McClellan-Palomar_Airport",
3467,"KCRW","medium_airport","Yeager Airport",38.3731,-81.593201,981,"NA","US","US-WV","Charleston","yes","KCRW","CRW","KCRW","CRW",,"https://en.wikipedia.org/wiki/Yeager_Airport",
3468,"KCSG","medium_airport","Columbus Airport",32.516415,-84.939602,397,"NA","US","US-GA","Columbus","yes","KCSG","CSG","KCSG","CSG","https://flycolumbusga.com","https://en.wikipedia.org/wiki/Columbus_Metropolitan_Airport",
3469,"KCSV","medium_airport","Crossville Memorial Airport Whitson Field",35.95131,-85.08499,1881,"NA","US","US-TN","Crossville","no","KCSV","CSV","KCSV","CSV","http://www.crossvilletn.gov/index.php/departments/airport",,
3470,"KCTB","medium_airport","Cut Bank International Airport",48.608657,-112.378183,3854,"NA","US","US-MT","Cut Bank","no","KCTB","CTB","KCTB","CTB","http://www.cutbankairport.org/","https://en.wikipedia.org/wiki/Cut_Bank_Municipal_Airport",
19564,"KCUB","medium_airport","Jim Hamilton L.B. Owens Airport",33.970500946,-80.9952011108,193,"NA","US","US-SC","Columbia","no","KCUB","CUB","KCUB","CUB","http://www.columbiasouthcarolina.com/owens.html","https://en.wikipedia.org/wiki/Jim_Hamilton_%E2%80%93_L.B._Owens_Airport",
3471,"KCVG","large_airport","Cincinnati Northern Kentucky International Airport",39.048801,-84.667801,896,"NA","US","US-KY","Cincinnati / Covington","yes","KCVG","CVG","KCVG","CVG","https://www.cvgairport.com/","https://en.wikipedia.org/wiki/Cincinnati/Northern_Kentucky_International_Airport",
19569,"KCVN","medium_airport","Clovis Municipal Airport",34.426594,-103.078794,4216,"NA","US","US-NM","Clovis","yes","KCVN","CVN","KCVN","CVN",,"https://en.wikipedia.org/wiki/Clovis_Municipal_Airport",
3472,"KCVO","medium_airport","Corvallis Municipal Airport",44.49720001,-123.2900009,250,"NA","US","US-OR","Corvallis","no","KCVO","CVO","KCVO","CVO","http://www.corvallisoregon.gov/index.aspx?page=160","https://en.wikipedia.org/wiki/Corvallis_Municipal_Airport","Albany Oregon"
3473,"KCVS","medium_airport","Cannon Air Force Base",34.382801,-103.321999,4295,"NA","US","US-NM","Clovis","no","KCVS","CVS","KCVS","CVS","http://www.cannon.af.mil/","https://en.wikipedia.org/wiki/Cannon_Air_Force_Base",
19571,"KCWA","medium_airport","Central Wisconsin Airport",44.777448,-89.670238,1277,"NA","US","US-WI","Mosinee","yes","KCWA","CWA","KCWA","CWA",,"https://en.wikipedia.org/wiki/Central_Wisconsin_Airport",
3475,"KCXO","medium_airport","Conroe-North Houston Regional Airport",30.351801,-95.414497,245,"NA","US","US-TX","Houston","no","KCXO","CXO","KCXO","CXO","https://web.archive.org/web/20160301220928/http://www.lonestarairport.org:80/","https://en.wikipedia.org/wiki/Lone_Star_Executive_Airport","Montgomery County Airport, Lone Star Executive Airport"
19577,"KCXP","medium_airport","Carson Airport",39.194331,-119.734312,4697,"NA","US","US-NV","Carson City","no","KCXP","CSN","KCXP","CXP","http://flycarsoncity.com/","https://en.wikipedia.org/wiki/Carson_Airport","O04, Carson City Airport"
3476,"KCYS","medium_airport","Cheyenne Regional Jerry Olson Field",41.155701,-104.811997,6159,"NA","US","US-WY","Cheyenne","yes","KCYS","CYS","KCYS","CYS",,"https://en.wikipedia.org/wiki/Cheyenne_Regional_Airport",
3477,"KDAA","medium_airport","Davison Army Air Field",38.715000152600005,-77.1809997559,73,"NA","US","US-VA","Fort Belvoir","no","KDAA","DAA","KDAA","DAA",,"https://en.wikipedia.org/wiki/Davison_Army_Airfield",
3478,"KDAB","medium_airport","Daytona Beach International Airport",29.18255,-81.059464,34,"NA","US","US-FL","Daytona Beach","yes","KDAB","DAB","KDAB","DAB",,"https://en.wikipedia.org/wiki/Daytona_Beach_International_Airport",
19615,"KDAG","medium_airport","Barstow Daggett Airport",34.85369873,-116.7870026,1930,"NA","US","US-CA","Daggett","no","KDAG","DAG","KDAG","DAG",,"https://en.wikipedia.org/wiki/Barstow-Daggett_Airport",
3479,"KDAL","large_airport","Dallas Love Field",32.844776,-96.847653,487,"NA","US","US-TX","Dallas","yes","KDAL","DAL","KDAL","DAL","http://www.dallas-lovefield.com/","https://en.wikipedia.org/wiki/Dallas_Love_Field","QDF"
3480,"KDAN","medium_airport","Danville Regional Airport",36.572899,-79.336098,571,"NA","US","US-VA","Danville","no","KDAN","DAN","KDAN","DAN","https://www.danville-va.gov/507/Danville-Regional-Airport","https://en.wikipedia.org/wiki/Danville_Regional_Airport",
3481,"KDAY","medium_airport","James M. Cox Dayton International Airport",39.902401,-84.219398,1009,"NA","US","US-OH","Dayton","yes","KDAY","DAY","KDAY","DAY","https://flydayton.com","https://en.wikipedia.org/wiki/Dayton_International_Airport",
3482,"KDBQ","medium_airport","Dubuque Regional Airport",42.402,-90.709503,1077,"NA","US","US-IA","Dubuque","yes","KDBQ","DBQ","KDBQ","DBQ",,"https://en.wikipedia.org/wiki/Dubuque_Regional_Airport",
3483,"KDCA","large_airport","Ronald Reagan Washington National Airport",38.8521,-77.037697,15,"NA","US","US-DC","Washington","yes","KDCA","DCA","KDCA","DCA","http://www.flyreagan.com/dca/reagan-national-airport","https://en.wikipedia.org/wiki/Ronald_Reagan_Washington_National_Airport","WAS"
3484,"KDDC","medium_airport","Dodge City Regional Airport",37.76340103149414,-99.9655990600586,2594,"NA","US","US-KS","Dodge City","yes","KDDC","DDC","KDDC","DDC",,"https://en.wikipedia.org/wiki/Dodge_City_Regional_Airport",
3485,"KDEC","medium_airport","Decatur Airport",39.834598541259766,-88.8656997680664,682,"NA","US","US-IL","Decatur","yes","KDEC","DEC","KDEC","DEC",,"https://en.wikipedia.org/wiki/Decatur_Airport",
3486,"KDEN","large_airport","Denver International Airport",39.860027,-104.673792,5431,"NA","US","US-CO","Denver","yes","KDEN","DEN","KDEN","DEN","http://www.flydenver.com/","https://en.wikipedia.org/wiki/Denver_International_Airport","DVX, KVDX"
3487,"KDET","medium_airport","Coleman A. Young Municipal Airport",42.40919876,-83.00990295,626,"NA","US","US-MI","Detroit","no",,"DET","KDET","DET",,"https://en.wikipedia.org/wiki/Coleman_A._Young_International_Airport",
3488,"KDFW","large_airport","Dallas Fort Worth International Airport",32.896801,-97.038002,607,"NA","US","US-TX","Dallas-Fort Worth","yes","KDFW","DFW","KDFW","DFW","https://www.dfwairport.com/","https://en.wikipedia.org/wiki/Dallas/Fort_Worth_International_Airport","QDF"
3489,"KDHN","medium_airport","Dothan Regional Airport",31.321300506591797,-85.44960021972656,401,"NA","US","US-AL","Dothan","yes","KDHN","DHN","KDHN","DHN",,"https://en.wikipedia.org/wiki/Dothan_Regional_Airport",
19628,"KDHT","medium_airport","Dalhart Municipal Airport",36.0225982666,-102.54699707,3991,"NA","US","US-TX","Dalhart","no","KDHT","DHT","KDHT","DHT",,"https://en.wikipedia.org/wiki/Dalhart_Municipal_Airport",
19630,"KDIK","medium_airport","Dickinson Theodore Roosevelt Regional Airport",46.797533,-102.801905,2592,"NA","US","US-ND","Dickinson","yes","KDIK","DIK","KDIK","DIK","http://dickinsonairport.com/","https://en.wikipedia.org/wiki/Dickinson_Theodore_Roosevelt_Regional_Airport",
3490,"KDLF","medium_airport","Laughlin Air Force Base",29.359501,-100.778002,1082,"NA","US","US-TX","Del Rio","no","KDLF","DLF","KDLF","DLF","http://www.laughlin.af.mil/","https://en.wikipedia.org/wiki/Laughlin_Air_Force_Base","Laughlin AFB, Laughlin Field, DLF Airport"
3491,"KDLH","medium_airport","Duluth International Airport",46.841873,-92.198746,1428,"NA","US","US-MN","Duluth","yes","KDLH","DLH","KDLH","DLH","http://www.duluthairport.com/","https://en.wikipedia.org/wiki/Duluth_International_Airport","LKI, Duluth Air National Guard Base, Lakeside AFB"
19640,"KDLS","medium_airport","Columbia Gorge Regional Airport",45.620979,-121.170777,247,"NA","US","US-OR","Dallesport / The Dalles","no","KDLS","DLS","KDLS","DLS","http://www.columbiagorgeairport.com/","https://en.wikipedia.org/wiki/Columbia_Gorge_Regional_Airport","The Dalles Municipal Airport"
3492,"KDMA","medium_airport","Davis Monthan Air Force Base",32.1665000916,-110.883003235,2704,"NA","US","US-AZ","Tucson","no","KDMA","DMA","KDMA","DMA",,"https://en.wikipedia.org/wiki/Davis-Monthan_Air_Force_Base",
3493,"KDMN","medium_airport","Deming Municipal Airport",32.262298584,-107.721000671,4314,"NA","US","US-NM","Deming","no","KDMN","DMN","KDMN","DMN","http://www.cityofdeming.org/deming-community/municipal-airport","https://en.wikipedia.org/wiki/Deming_Municipal_Airport",
19644,"KDNL","medium_airport","Daniel Field",33.4664993286,-82.0393981934,423,"NA","US","US-GA","Augusta","no","KDNL","DNL","KDNL","DNL","http://www.augustaga.gov/index.aspx?NID=486","https://en.wikipedia.org/wiki/Daniel_Field",
3494,"KDOV","medium_airport","Dover Civil Air Terminal/Dover Air Force Base",39.129501,-75.466003,24,"NA","US","US-DE","Dover","yes","KDOV","DOV","KDOV","DOV","http://catatdover.com","https://en.wikipedia.org/wiki/Dover_Air_Force_Base","Municipal Airport - Dover Airdrome, Dover Army Airbase, Dover Army Airfield"
19648,"KDPA","medium_airport","Dupage Airport",41.90779877,-88.24859619,759,"NA","US","US-IL","Chicago/West Chicago","no","KDPA","DPA","KDPA","DPA","http://www.dupageairport.com/","https://en.wikipedia.org/wiki/DuPage_Airport",
19652,"KDRA","medium_airport","Desert Rock Airport",36.6194,-116.032997,3314,"NA","US","US-NV","Mercury","no","KDRA","DRA","KDRA","NV65",,"https://en.wikipedia.org/wiki/Desert_Rock_Airport","Formerly DRA"
3495,"KDRI","medium_airport","Beauregard Regional Airport",30.831699,-93.339897,202,"NA","US","US-LA","DeRidder","no","KDRI","DRI","KDRI","DRI",,"https://en.wikipedia.org/wiki/Beauregard_Regional_Airport","Beauregard Parish, DeRidder Army Air Base"
19654,"KDRO","medium_airport","Durango La Plata County Airport",37.151501,-107.753998,6685,"NA","US","US-CO","Durango","yes","KDRO","DRO","KDRO","DRO","http://www.durangogov.org/airport/index.cfm","https://en.wikipedia.org/wiki/Durango-La_Plata_County_Airport",
19655,"KDRT","medium_airport","Del Rio International Airport",29.3742008209,-100.927001953,1002,"NA","US","US-TX","Del Rio","no","KDRT","DRT","KDRT","DRT","http://www.cityofdelrio.com/index.aspx?NID=412","https://en.wikipedia.org/wiki/Del_Rio_International_Airport",
3496,"KDSM","large_airport","Des Moines International Airport",41.534027,-93.656719,958,"NA","US","US-IA","Des Moines","yes","KDSM","DSM","KDSM","DSM",,"https://en.wikipedia.org/wiki/Des_Moines_International_Airport",
19661,"KDTS","medium_airport","Destin Executive Airport",30.400101,-86.471497,23,"NA","US","US-FL","Destin","yes","KDTS","DSI","KDTS","DTS","http://www.flydts.com/","https://en.wikipedia.org/wiki/Destin-Fort_Walton_Beach_Airport","81J, Destin-Fort Walton Beach Airport"
3497,"KDTW","large_airport","Detroit Metropolitan Wayne County Airport",42.21377,-83.353786,645,"NA","US","US-MI","Detroit","yes","KDTW","DTW","KDTW","DTW","http://www.metroairport.com/","https://en.wikipedia.org/wiki/Detroit_Metropolitan_Airport","DTT, Detroit Metro Airport"
19662,"KDUA","medium_airport","Durant Regional Airport - Eaker Field",33.939675,-96.395072,699,"NA","US","US-OK","Durant","no","KDUA","DUA","KDUA","DUA","https://www.durant.org/151/Airport","https://en.wikipedia.org/wiki/Durant_Regional_Airport_%E2%80%93_Eaker_Field",
19664,"KDUG","medium_airport","Bisbee Douglas International Airport",31.464139,-109.60456,4154,"NA","US","US-AZ","Douglas Bisbee","no","KDUG","DUG","KDUG","DUG","http://www.azdot.gov/mpd/airport_development/airports/airports_list.asp?FAA=DUG","https://en.wikipedia.org/wiki/Bisbee-Douglas_International_Airport",
3498,"KDUJ","medium_airport","DuBois Regional Airport",41.17829895,-78.8986969,1817,"NA","US","US-PA","Dubois","yes","KDUJ","DUJ","KDUJ","DUJ",,"https://en.wikipedia.org/wiki/DuBois_Regional_Airport","DuBois Jefferson County"
19668,"KDVL","medium_airport","Devils Lake Regional Airport",48.115454,-98.908796,1456,"NA","US","US-ND","Devils Lake","yes","KDVL","DVL","KDVL","DVL","http://www.devilslakeairport.com/","https://en.wikipedia.org/wiki/Devils_Lake_Regional_Airport",
19676,"KDXR","medium_airport","Danbury Municipal Airport",41.371656,-73.482227,458,"NA","US","US-CT","Danbury","no","KDXR","DXR","KDXR","DXR",,"https://en.wikipedia.org/wiki/Danbury_Municipal_Airport",
3499,"KDYS","medium_airport","Dyess Air Force Base",32.420799,-99.854599,1789,"NA","US","US-TX","Abilene","no","KDYS","DYS","KDYS","DYS","http://www.dyess.af.mil/","https://en.wikipedia.org/wiki/Dyess_Air_Force_Base",
19716,"KEAR","medium_airport","Kearney Regional Airport",40.727001,-99.006798,2131,"NA","US","US-NE","Kearney","yes","KEAR","EAR","KEAR","EAR",,"https://en.wikipedia.org/wiki/Kearney_Municipal_Airport",
19717,"KEAT","medium_airport","Pangborn Memorial Airport",47.398899,-120.207001,1249,"NA","US","US-WA","Wenatchee","yes","KEAT","EAT","KEAT","EAT","http://www.pangbornairport.com/","https://en.wikipedia.org/wiki/Pangborn_Memorial_Airport",
3501,"KEAU","medium_airport","Chippewa Valley Regional Airport",44.86579895019531,-91.48429870605469,913,"NA","US","US-WI","Eau Claire","yes","KEAU","EAU","KEAU","EAU",,"https://en.wikipedia.org/wiki/Chippewa_Valley_Regional_Airport",
3502,"KECG","medium_airport","Elizabeth City Regional Airport & Coast Guard Air Station",36.260601,-76.174599,11,"NA","US","US-NC","Elizabeth City","no","KECG","ECG","KECG","ECG","http://www.ecgairport.com/","https://en.wikipedia.org/wiki/Elizabeth_City_Regional_Airport",
46530,"KECP","medium_airport","Northwest Florida Beaches International Airport",30.357106,-85.795414,69,"NA","US","US-FL","Panama City Beach","yes","KECP","ECP","KECP","ECP","http://iflybeaches.com","https://en.wikipedia.org/wiki/Northwest_Florida_Beaches_International_Airport","Northwest Florida Beaches International Airport"
3503,"KEDW","medium_airport","Edwards Air Force Base",34.910781,-117.886391,2312,"NA","US","US-CA","Edwards","no","KEDW","EDW","KEDW","EDW","https://www.edwards.af.mil/","https://en.wikipedia.org/wiki/Edwards_Air_Force_Base",
19727,"KEED","medium_airport","Needles Airport",34.7663002014,-114.623001099,983,"NA","US","US-CA","Needles","no","KEED","EED","KEED","EED","http://cms.sbcounty.gov/airports/Airports/Needles.aspx","https://en.wikipedia.org/wiki/Needles_Airport","Needles AAF"
3504,"KEEN","medium_airport","Dillant Hopkins Airport",42.898399,-72.270798,488,"NA","US","US-NH","Keene","no","KEEN","EEN","KEEN","EEN","https://ci.keene.nh.us/keene-dillant-hopkins-airport","https://en.wikipedia.org/wiki/Dillant-Hopkins_Airport",
19729,"KEET","medium_airport","Shelby County Airport",33.17699814,-86.78279877,586,"NA","US","US-AL","Alabaster","no",,,"KEET","EET","https://al-shelbycountytourism.civicplus.com/index.aspx?nid=109","https://en.wikipedia.org/wiki/Shelby_County_Airport_(Alabama)","21A"
19731,"KEFD","medium_airport","Ellington Airport",29.607299804700002,-95.1587982178,32,"NA","US","US-TX","Houston","no","KEFD","EFD","KEFD","EFD",,"https://en.wikipedia.org/wiki/Ellington_Airport_(Texas)","Ellington Field"
3505,"KEGE","medium_airport","Eagle County Regional Airport",39.64260101,-106.9179993,6548,"NA","US","US-CO","Eagle","yes","KEGE","EGE","KEGE","EGE","http://www.eaglecounty.us/airport/","https://en.wikipedia.org/wiki/Eagle_County_Regional_Airport",
19735,"KEGI","medium_airport","Duke Field",30.65040016,-86.52290344,191,"NA","US","US-FL","Crestview","no","KEGI","EGI","KEGI","EGI","http://www.919sow.afrc.af.mil/","https://en.wikipedia.org/wiki/Duke_Field","Eglin AF Auxiliary Number 3"
3506,"KEKA","medium_airport","Murray Field",40.803398,-124.112999,7,"NA","US","US-CA","Eureka","no","KEKA","EKA","KEKA","EKA",,"https://en.wikipedia.org/wiki/Murray_Field",
3507,"KEKN","medium_airport","Elkins-Randolph County Regional Airport",38.889759,-79.857651,1987,"NA","US","US-WV","Elkins","no","KEKN","EKN","KEKN","EKN","http://www.elkinsairport.com/",,
3508,"KEKO","medium_airport","Elko Regional Airport",40.82490158081055,-115.79199981689453,5140,"NA","US","US-NV","Elko","yes","KEKO","EKO","KEKO","EKO",,"https://en.wikipedia.org/wiki/Elko_Regional_Airport",
3509,"KELD","medium_airport","South Arkansas Regional Airport at Goodwin Field",33.221001,-92.813301,277,"NA","US","US-AR","El Dorado","yes","KELD","ELD","KELD","ELD",,"https://en.wikipedia.org/wiki/South_Arkansas_Regional_Airport_at_Goodwin_Field",
3510,"KELM","medium_airport","Elmira Corning Regional Airport",42.1599006652832,-76.8916015625,954,"NA","US","US-NY","Elmira/Corning","yes","KELM","ELM","KELM","ELM",,"https://en.wikipedia.org/wiki/Elmira-Corning_Regional_Airport",
3511,"KELO","medium_airport","Ely Municipal Airport",47.82450104,-91.83070374,1456,"NA","US","US-MN","Ely","no","KELO","LYU","KELO","ELO","http://www.ely.mn.us/index.asp?Type=B_BASIC&SEC=%7B936B252D-C48B-42BD-B996-37F320A6CFF7%7D","https://en.wikipedia.org/wiki/Ely_Municipal_Airport",
3512,"KELP","large_airport","El Paso International Airport",31.809908,-106.375607,3959,"NA","US","US-TX","El Paso","yes","KELP","ELP","KELP","ELP","https://elpasointernationalairport.com/","https://en.wikipedia.org/wiki/El_Paso_International_Airport",
19753,"KELY","medium_airport","Ely Airport Yelland Field",39.29970169,-114.8420029,6259,"NA","US","US-NV","Ely","no","KELY","ELY","KELY","ELY",,"https://en.wikipedia.org/wiki/Ely_Airport",
3513,"KEND","medium_airport","Vance Air Force Base",36.339199,-97.916496,1307,"NA","US","US-OK","Enid","no","KEND","END","KEND","END","http://www.vance.af.mil/","https://en.wikipedia.org/wiki/Vance_Air_Force_Base",
19760,"KENV","medium_airport","Wendover Airport",40.7187004089,-114.03099823,4237,"NA","US","US-UT","Wendover","no","KENV","ENV","KENV","ENV",,"https://en.wikipedia.org/wiki/Wendover_Airport","Wendover AFB"
3514,"KENW","medium_airport","Kenosha Regional Airport",42.59569931,-87.92780304,742,"NA","US","US-WI","Kenosha","no","KENW","ENW","KENW","ENW","http://www.kenosha.org/departments/airport/","https://en.wikipedia.org/wiki/Kenosha_Regional_Airport",
3515,"KERI","medium_airport","Erie International Tom Ridge Field",42.083127,-80.173867,732,"NA","US","US-PA","Erie","yes","KERI","ERI","KERI","ERI",,"https://en.wikipedia.org/wiki/Erie_International_Airport",
19770,"KESC","medium_airport","Delta County Airport",45.723199,-87.088623,609,"NA","US","US-MI","Escanaba","yes","KESC","ESC","KESC","ESC",,"https://en.wikipedia.org/wiki/Delta_County_Airport",
3516,"KESF","medium_airport","Esler Army Airfield / Esler Regional Airport",31.394266,-92.294082,112,"NA","US","US-LA","Alexandria","no","KESF","ESF","KESF","ESF","http://www.alexandria-louisiana.com/esler-field-louisiana.htm","https://en.wikipedia.org/wiki/Esler_Airfield","Camp Beauregard Army Field, Esler Army Airfield"
3517,"KEUG","medium_airport","Eugene Airport",44.124599,-123.211998,374,"NA","US","US-OR","Eugene","yes","KEUG","EUG","KEUG","EUG","https://flyeug.com","https://en.wikipedia.org/wiki/Eugene_Airport","Mahlon Sweet Field"
3518,"KEVV","medium_airport","Evansville Regional Airport",38.0369987488,-87.5324020386,418,"NA","US","US-IN","Evansville","yes","KEVV","EVV","KEVV","EVV",,"https://en.wikipedia.org/wiki/Evansville_Regional_Airport",
19782,"KEVW","medium_airport","Evanston-Uinta County Airport-Burns Field",41.27479935,-111.0350037,7143,"NA","US","US-WY","Evanston","no","KEVW","EVW","KEVW","EVW",,,
3519,"KEWB","medium_airport","New Bedford Regional Airport",41.67610168457031,-70.95690155029297,80,"NA","US","US-MA","New Bedford","yes","KEWB","EWB","KEWB","EWB",,"https://en.wikipedia.org/wiki/New_Bedford_Regional_Airport",
3520,"KEWN","medium_airport","Coastal Carolina Regional Airport",35.0730018616,-77.04290008539999,18,"NA","US","US-NC","New Bern","yes","KEWN","EWN","KEWN","EWN",,"https://en.wikipedia.org/wiki/Craven_County_Regional_Airport",
3521,"KEWR","large_airport","Newark Liberty International Airport",40.6894,-74.170545,18,"NA","US","US-NJ","Newark","yes","KEWR","EWR","KEWR","EWR","https://www.panynj.gov/CommutingTravel/airports/html/newarkliberty.html","https://en.wikipedia.org/wiki/Newark_Liberty_International_Airport","Manhattan, New York City, NYC"
3522,"KEYW","medium_airport","Key West International Airport",24.556119,-81.759579,3,"NA","US","US-FL","Key West","yes","KEYW","EYW","KEYW","EYW",,"https://en.wikipedia.org/wiki/Key_West_International_Airport",
19843,"KFAF","medium_airport","Felker Army Air Field",37.1325,-76.608803,12,"NA","US","US-VA","Newport News (Fort Eustis)","no","KFAF","FAF","KFAF","FAF",,,
3523,"KFAR","medium_airport","Hector International Airport",46.9207,-96.815804,902,"NA","US","US-ND","Fargo","yes","KFAR","FAR","KFAR","FAR","http://www.fargoairport.com/","https://en.wikipedia.org/wiki/Hector_International_Airport","119th Wing, Happy Hooligans"
3524,"KFAT","large_airport","Fresno Yosemite International Airport",36.775767,-119.718018,336,"NA","US","US-CA","Fresno","yes","KFAT","FAT","KFAT","FAT","https://flyfresno.com/","https://en.wikipedia.org/wiki/Fresno_Yosemite_International_Airport",
3525,"KFAY","medium_airport","Fayetteville Regional Airport - Grannis Field",34.991199,-78.880302,189,"NA","US","US-NC","Fayetteville","yes","KFAY","FAY","KFAY","FAY",,"https://en.wikipedia.org/wiki/Fayetteville_Regional_Airport",
3526,"KFBG","medium_airport","Simmons Army Air Field",35.13180161,-78.93669891,244,"NA","US","US-NC","Fort Bragg","no","KFBG","FBG","KFBG","FBG",,"https://en.wikipedia.org/wiki/Simmons_Army_Airfield",
19851,"KFCS","medium_airport","Butts AAF (Fort Carson) Air Field",38.67839813,-104.7570038,5838,"NA","US","US-CO","Fort Carson","no","KFCS","FCS","KFCS","FCS",,,
19857,"KFDY","medium_airport","Findlay Airport",41.013500213600004,-83.66870117190001,813,"NA","US","US-OH","Findlay","no","KFDY","FDY","KFDY","FDY","http://www.ci.findlay.oh.us/?id=56","https://en.wikipedia.org/wiki/Findlay_Airport",
3528,"KFFO","medium_airport","Wright-Patterson Air Force Base",39.826099,-84.048302,823,"NA","US","US-OH","Dayton","no","KFFO","FFO","KFFO","FFO","http://www.wpafb.af.mil/","https://en.wikipedia.org/wiki/Wright-Patterson_Air_Force_Base","Wilbur Wright Field, Fairfield Air Depot"
19868,"KFHR","medium_airport","Friday Harbor Airport",48.523654,-123.024645,113,"NA","US","US-WA","Friday Harbor","yes","KFHR","FRD","KFHR","FHR","http://www.portfridayharbor.org/?page_id=49","https://en.wikipedia.org/wiki/Friday_Harbor_Airport",
3529,"KFHU","medium_airport","Sierra Vista Municipal Airport / Libby Army Air Field",31.587383,-110.348225,4719,"NA","US","US-AZ","Fort Huachuca / Sierra Vista","no","KFHU","FHU","KFHU","FHU",,"https://en.wikipedia.org/wiki/Sierra_Vista_Municipal_Airport","fort huachuca, sierra vista, libby"
19872,"KFKL","medium_airport","Venango Regional Airport",41.3778991699,-79.8603973389,1540,"NA","US","US-PA","Franklin","no","KFKL","FKL","KFKL","FKL",,"https://en.wikipedia.org/wiki/Venango_Regional_Airport",
3530,"KFLG","medium_airport","Flagstaff Pulliam Airport",35.139757,-111.669826,7014,"NA","US","US-AZ","Flagstaff","yes","KFLG","FLG","KFLG","FLG",,"https://en.wikipedia.org/wiki/Flagstaff_Pulliam_Airport",
3531,"KFLL","large_airport","Fort Lauderdale Hollywood International Airport",26.072599,-80.152702,9,"NA","US","US-FL","Fort Lauderdale","yes","KFLL","FLL","KFLL","FLL","http://www.broward.org/airport","https://en.wikipedia.org/wiki/Fort_Lauderdale–Hollywood_International_Airport","MFW, South Florida"
3532,"KFLO","medium_airport","Florence Regional Airport",34.18539810180664,-79.7238998413086,146,"NA","US","US-SC","Florence","yes","KFLO","FLO","KFLO","FLO",,"https://en.wikipedia.org/wiki/Florence_Regional_Airport",
3534,"KFME","medium_airport","Fort Meade Executive Airport",39.0854,-76.759399,150,"NA","US","US-MD","Fort Meade(Odenton)","no","KFME","FME","KFME","FME","http://tiptonairport.org/","https://en.wikipedia.org/wiki/Tipton_Airport","Fort George G. Meade Army Airfield, Tipton Airport"
19881,"KFMN","medium_airport","Four Corners Regional Airport",36.741199,-108.230003,5506,"NA","US","US-NM","Farmington","no","KFMN","FMN","KFMN","FMN",,"https://en.wikipedia.org/wiki/Four_Corners_Regional_Airport",
19882,"KFMY","medium_airport","Page Field",26.58659935,-81.86329650879999,17,"NA","US","US-FL","Fort Myers","no","KFMY","FMY","KFMY","FMY","http://www.flylcpa.com/aboutfmy","https://en.wikipedia.org/wiki/Page_Field",
19885,"KFNL","medium_airport","Northern Colorado Regional Airport",40.44969,-105.011272,5016,"NA","US","US-CO","Loveland","no","KFNL","FNL","KFNL","FNL","http://www.flynoco.com/","https://en.wikipedia.org/wiki/Northern_Colorado_Regional_Airport","Fort Collins Loveland Municipal"
3535,"KFNT","medium_airport","Bishop International Airport",42.969294,-83.743355,782,"NA","US","US-MI","Flint","yes","KFNT","FNT","KFNT","FNT","https://bishopairport.org","https://en.wikipedia.org/wiki/Bishop_International_Airport",
3536,"KFOD","medium_airport","Fort Dodge Regional Airport",42.552624,-94.191237,1156,"NA","US","US-IA","Fort Dodge","yes","KFOD","FOD","KFOD","FOD",,"https://en.wikipedia.org/wiki/Fort_Dodge_Regional_Airport",
3537,"KFOE","medium_airport","Topeka Regional Airport",38.950901,-95.663597,1078,"NA","US","US-KS","Topeka","no","KFOE","FOE","KFOE","FOE",,"https://en.wikipedia.org/wiki/Topeka_Regional_Airport","Topeka Army Airfield, Forbes AFB, Forbes Field"
3538,"KFPR","medium_airport","Treasure Coast International Airport",27.4951,-80.368301,24,"NA","US","US-FL","Fort Pierce","no","KFPR","FPR","KFPR","FPR",,"https://en.wikipedia.org/wiki/St._Lucie_County_International_Airport","St Lucie County"
3539,"KFRG","medium_airport","Republic Airport",40.728576,-73.414267,82,"NA","US","US-NY","East Farmingdale","no","KFRG","FRG","KFRG","FRG","http://www.republicairport.net/","https://en.wikipedia.org/wiki/Republic_Airport","Fairchild Flying Field"
3540,"KFRI","medium_airport","Marshall Army Air Field",39.053021,-96.764202,1065,"NA","US","US-KS","Fort Riley (Junction City)","no","KFRI","FRI","KFRI","FRI",,"https://en.wikipedia.org/wiki/Marshall_Army_Airfield",
3541,"KFSD","medium_airport","Sioux Falls Regional Airport",43.585463,-96.741152,1429,"NA","US","US-SD","Sioux Falls","yes","KFSD","FSD","KFSD","FSD","http://www.sfairport.com/","https://en.wikipedia.org/wiki/Sioux_Falls_Regional_Airport","Joe Foss Field, Fighting Lobos, Sioux Falls Army Air Base, 114th Fighter Wing, Sioux Falls Regional Airport"
3542,"KFSI","medium_airport","Henry Post Army Air Field",34.649799,-98.402199,1189,"NA","US","US-OK","Fort Sill","no","KFSI","FSI","KFSI","FSI","http://sill-www.army.mil/History/Airfield/henrypost.htm","https://en.wikipedia.org/wiki/Henry_Post_Army_Airfield",
3543,"KFSM","medium_airport","Fort Smith Regional Airport",35.336601,-94.367401,469,"NA","US","US-AR","Fort Smith","yes","KFSM","FSM","KFSM","FSM",,"https://en.wikipedia.org/wiki/Fort_Smith_Regional_Airport",
19900,"KFST","medium_airport","Fort Stockton Pecos County Airport",30.9157009125,-102.916000366,3011,"NA","US","US-TX","Fort Stockton","no","KFST","FST","KFST","FST",,"https://en.wikipedia.org/wiki/Fort_Stockton%E2%80%93Pecos_County_Airport","Gibbs Field, Fort Stockton Field"
3544,"KFTK","medium_airport","Godman Army Air Field",37.907100677500004,-85.9720993042,756,"NA","US","US-KY","Fort Knox","no","KFTK","FTK","KFTK","FTK",,"https://en.wikipedia.org/wiki/Godman_Army_Airfield",
3545,"KFTW","medium_airport","Fort Worth Meacham International Airport",32.819919,-97.360818,710,"NA","US","US-TX","Fort Worth","yes","KFTW","FTW","KFTW","FTW","http://meacham.com/","https://en.wikipedia.org/wiki/Fort_Worth_Meacham_International_Airport",
3546,"KFTY","medium_airport","Fulton County Airport Brown Field",33.7790985107,-84.5214004517,841,"NA","US","US-GA","Atlanta","no","KFTY","FTY","KFTY","FTY","http://www.fultoncountyga.gov/component/content/article/223-general-services/2098-fulton-county-airport-brown-field","https://en.wikipedia.org/wiki/Fulton_County_Airport_(Georgia)",
3547,"KFWA","medium_airport","Fort Wayne International Airport",40.978896,-85.194465,814,"NA","US","US-IN","Fort Wayne","yes","KFWA","FWA","KFWA","FWA","https://fwairport.com/","https://en.wikipedia.org/wiki/Fort_Wayne_International_Airport","Baer Field"
19912,"KFXE","medium_airport","Fort Lauderdale Executive Airport",26.1972999573,-80.1707000732,13,"NA","US","US-FL","Fort Lauderdale","no","KFXE","FXE","KFXE","FXE","http://www.fortlauderdale.gov/fxE/index.htm","https://en.wikipedia.org/wiki/Fort_Lauderdale_Executive_Airport","West Prospect Satellite Field"
3548,"KFYV","medium_airport","Drake Field",36.00510025024414,-94.17009735107422,1251,"NA","US","US-AR","Fayetteville","no","KFYV","FYV","KFYV","FYV",,"https://en.wikipedia.org/wiki/Drake_Field",
19929,"KGCC","medium_airport","Northeast Wyoming Regional Airport",44.3489,-105.539001,4365,"NA","US","US-WY","Gillette","yes","KGCC","GCC","KGCC","GCC","http://www.iflygillette.com/","https://en.wikipedia.org/wiki/Gillette%E2%80%93Campbell_County_Airport","Gillette Campbell County Airport"
3550,"KGCK","medium_airport","Garden City Regional Airport",37.9275016785,-100.723999023,2891,"NA","US","US-KS","Garden City","yes","KGCK","GCK","KGCK","GCK",,"https://en.wikipedia.org/wiki/Garden_City_Regional_Airport",
3551,"KGCN","medium_airport","Grand Canyon National Park Airport",35.9524,-112.147003,6609,"NA","US","US-AZ","Grand Canyon - Tusayan","yes","KGCN","GCN","KGCN","GCN","http://www.azdot.gov/aviation/airports/airports_list.asp?FAA=GCN","https://en.wikipedia.org/wiki/Grand_Canyon_National_Park_Airport",
19936,"KGDV","medium_airport","Dawson Community Airport",47.137658,-104.80691,2458,"NA","US","US-MT","Glendive","yes","KGDV","GDV","KGDV","GDV",,"https://en.wikipedia.org/wiki/Dawson_Community_Airport",
3552,"KGEG","large_airport","Spokane International Airport",47.6199,-117.533997,2376,"NA","US","US-WA","Spokane","yes","KGEG","GEG","KGEG","GEG","https://spokaneairports.net/","https://en.wikipedia.org/wiki/Spokane_International_Airport",
3553,"KGFK","medium_airport","Grand Forks International Airport",47.949299,-97.176102,845,"NA","US","US-ND","Grand Forks","yes","KGFK","GFK","KGFK","GFK","http://www.gfkairport.com/","https://en.wikipedia.org/wiki/Grand_Forks_International_Airport",
3554,"KGFL","medium_airport","Floyd Bennett Memorial Airport",43.3412017822,-73.6102981567,328,"NA","US","US-NY","Glens Falls","no","KGFL","GFL","KGFL","GFL","http://www.warrencountydpw.com/airport_07/","https://en.wikipedia.org/wiki/Floyd_Bennett_Memorial_Airport",
3555,"KGGG","medium_airport","East Texas Regional Airport",32.38399887084961,-94.71150207519531,365,"NA","US","US-TX","Longview","yes","KGGG","GGG","KGGG","GGG",,"https://en.wikipedia.org/wiki/East_Texas_Regional_Airport",
3556,"KGGW","medium_airport","Glasgow Valley County Airport Wokal Field",48.212502,-106.614998,2296,"NA","US","US-MT","Glasgow","yes","KGGW","GGW","KGGW","GGW","http://www.glasgowmtairport.com/","https://en.wikipedia.org/wiki/Glasgow_Airport_(US)","Glascow / Valley County, Glasgow Army Airfield, Wokal Field Glasgow International, Glasgow Satellite Airfield,"
3557,"KGJT","medium_airport","Grand Junction Regional Airport",39.126663,-108.529387,4858,"NA","US","US-CO","Grand Junction","yes","KGJT","GJT","KGJT","GJT","http://www.gjairport.com/","https://en.wikipedia.org/wiki/Grand_Junction_Regional_Airport",
19956,"KGLD","medium_airport","Goodland Municipal Airport",39.370701,-101.699753,3656,"NA","US","US-KS","Goodland","no","KGLD","GLD","KGLD","GLD",,"https://en.wikipedia.org/wiki/Goodland_Municipal_Airport","Renner Field"
19958,"KGLH","medium_airport","Mid Delta Regional Airport",33.482899,-90.985603,131,"NA","US","US-MS","Greenville","yes","KGLH","GLH","KGLH","GLH",,"https://en.wikipedia.org/wiki/Greenville_Mid-Delta_Airport",
3558,"KGLS","medium_airport","Scholes International At Galveston Airport",29.265301,-94.860397,6,"NA","US","US-TX","Galveston","no","KGLS","GLS","KGLS","GLS",,"https://en.wikipedia.org/wiki/Scholes_International_Airport_at_Galveston",
19963,"KGMU","medium_airport","Greenville Downtown Airport",34.847903,-82.350217,1048,"NA","US","US-SC","Greenville","no","KGMU","GMU","KGMU","GMU","http://www.greenvilledowntownairport.com/","https://en.wikipedia.org/wiki/Greenville_Downtown_Airport",
3559,"KGNV","medium_airport","Gainesville Regional Airport",29.6900997162,-82.2717971802,152,"NA","US","US-FL","Gainesville","yes","KGNV","GNV","KGNV","GNV",,"https://en.wikipedia.org/wiki/Gainesville_Regional_Airport",
3560,"KGON","medium_airport","Groton New London Airport",41.330101,-72.045097,9,"NA","US","US-CT","Groton","no","KGON","GON","KGON","GON","https://ctairports.org/airports/groton-newlondon/","https://en.wikipedia.org/wiki/Groton-New_London_Airport","New London"
3527,"KGPI","medium_airport","Glacier Park International Airport",48.310501,-114.255997,2977,"NA","US","US-MT","Kalispell","yes","KGPI","FCA","KGPI","GPI","http://www.iflyglacier.com/","https://en.wikipedia.org/wiki/Glacier_Park_International_Airport","Formerly KFCA"
3561,"KGPT","medium_airport","Gulfport Biloxi International Airport",30.405582,-89.069836,28,"NA","US","US-MS","Gulfport","yes","KGPT","GPT","KGPT","GPT",,"https://en.wikipedia.org/wiki/Gulfport-Biloxi_International_Airport",
3562,"KGRB","medium_airport","Austin Straubel International Airport",44.483459,-88.130805,695,"NA","US","US-WI","Green Bay","yes","KGRB","GRB","KGRB","GRB",,"https://en.wikipedia.org/wiki/Austin_Straubel_International_Airport",
3563,"KGRF","medium_airport","Gray Army Air Field",47.07920074,-122.5810013,300,"NA","US","US-WA","Fort Lewis/Tacoma","no","KGRF","GRF","KGRF","GRF",,"https://en.wikipedia.org/wiki/Gray_Army_Airfield",
3564,"KGRI","medium_airport","Central Nebraska Regional Airport",40.967498779296875,-98.30960083007812,1847,"NA","US","US-NE","Grand Island","yes","KGRI","GRI","KGRI","GRI",,"https://en.wikipedia.org/wiki/Central_Nebraska_Regional_Airport",
3565,"KGRK","medium_airport","Killeen Regional Airport / Robert Gray Army Airfield",31.0672,-97.828903,1015,"NA","US","US-TX","Fort Cavazos","yes","KGRK","GRK","KGRK","GRK",,"https://en.wikipedia.org/wiki/Killeen_Regional_Airport","Gray, Fort Hood, Robert Gray Army Airfield, Killeen/Fort Hood Regional"
3566,"KGRR","large_airport","Gerald R. Ford International Airport",42.880798,-85.522797,794,"NA","US","US-MI","Grand Rapids","yes","KGRR","GRR","KGRR","GRR",,"https://en.wikipedia.org/wiki/Gerald_R._Ford_International_Airport",
3567,"KGSB","medium_airport","Seymour Johnson Air Force Base",35.339401,-77.960602,109,"NA","US","US-NC","Goldsboro","no","KGSB","GSB","KGSB","GSB","http://www.seymourjohnson.af.mil/","https://en.wikipedia.org/wiki/Seymour_Johnson_Air_Force_Base",
3568,"KGSO","large_airport","Piedmont Triad International Airport",36.09937,-79.937262,925,"NA","US","US-NC","Greensboro","yes","KGSO","GSO","KGSO","GSO","https://flyfrompti.com","https://en.wikipedia.org/wiki/Piedmont_Triad_International_Airport",
3569,"KGSP","medium_airport","Greenville-Spartanburg International Airport",34.895699,-82.218903,964,"NA","US","US-SC","Greenville/Greer/Spartanburg","yes","KGSP","GSP","KGSP","GSP","https://gspairport.com","https://en.wikipedia.org/wiki/Greenville-Spartanburg_International_Airport","Roger Milliken Field"
3570,"KGTB","medium_airport","Wheeler Sack Army Air Field",44.055599,-75.719498,688,"NA","US","US-NY","Fort Drum","no","KGTB",,"KGTB","GTB",,"https://en.wikipedia.org/wiki/Wheeler-Sack_Army_Airfield",
3571,"KGTF","medium_airport","Great Falls International Airport",47.481998,-111.371002,3680,"NA","US","US-MT","Great Falls","yes","KGTF","GTF","KGTF","GTF",,"https://en.wikipedia.org/wiki/Great_Falls_International_Airport",
19982,"KGTR","medium_airport","Golden Triangle Regional Airport",33.450298,-88.5914,264,"NA","US","US-MS","Columbus/W Point/Starkville","yes","KGTR","GTR","KGTR","GTR",,"https://en.wikipedia.org/wiki/Golden_Triangle_Regional_Airport",
19984,"KGUC","medium_airport","Gunnison Crested Butte Regional Airport",38.534672,-106.934566,7680,"NA","US","US-CO","Gunnison","yes","KGUC","GUC","KGUC","GUC",,"https://en.wikipedia.org/wiki/Gunnison-Crested_Butte_Regional_Airport",
3572,"KGUP","medium_airport","Gallup Municipal Airport",35.511653,-108.788166,6472,"NA","US","US-NM","Gallup","yes","KGUP","GUP","KGUP","GUP",,"https://en.wikipedia.org/wiki/Gallup_Municipal_Airport",
3573,"KGUS","medium_airport","Grissom Air Reserve Base",40.648102,-86.1521,812,"NA","US","US-IN","Peru","no","KGUS","GUS","KGUS","GUS","http://www.grissom.afrc.af.mil/","https://en.wikipedia.org/wiki/Grissom_Air_Reserve_Base",
19985,"KGUY","medium_airport","Guymon Municipal Airport",36.6851005554,-101.508003235,3123,"NA","US","US-OK","Guymon","no","KGUY","GUY","KGUY","GUY","http://www.guymonok.org/index.aspx?NID=179","https://en.wikipedia.org/wiki/Guymon_Municipal_Airport",
3574,"KGWO","medium_airport","Greenwood–Leflore Airport",33.495025,-90.088204,162,"NA","US","US-MS","Greenwood","no","KGWO","GWO","KGWO","GWO","http://greenwoodms.com/index.aspx?nid=113","https://en.wikipedia.org/wiki/Greenwood%E2%80%93Leflore_Airport","Greenwood Army Airfield"
19997,"KGYI","medium_airport","North Texas Regional Airport Perrin Field",33.7141,-96.673698,749,"NA","US","US-TX","Denison","no","KGYI","PNX","KGYI","GYI","http://www.northtexasregionalairport.com/","https://en.wikipedia.org/wiki/North_Texas_Regional_Airport","Perrin AFB, Grayson County, Sherman"
3575,"KGYY","medium_airport","Gary/Chicago International Airport",41.617087,-87.413206,591,"NA","US","US-IN","Gary","yes",,"GYY","KGYY","GYY","https://www.flygyy.com/","https://en.wikipedia.org/wiki/Gary/Chicago_International_Airport","East Chicago"
20027,"KHBG","medium_airport","Hattiesburg Bobby L Chain Municipal Airport",31.26479912,-89.25279999,151,"NA","US","US-MS","Hattiesburg","no","KHBG","HBG","KHBG","HBG",,"https://en.wikipedia.org/wiki/Hattiesburg_Bobby_L._Chain_Municipal_Airport",
20029,"KHBR","medium_airport","Hobart Regional Airport",34.991317,-99.051313,1563,"NA","US","US-OK","Hobart","no","KHBR","HBR","KHBR","HBR",,"https://en.wikipedia.org/wiki/Hobart_Regional_Airport",
20038,"KHDN","medium_airport","Yampa Valley Airport",40.481201,-107.218002,6606,"NA","US","US-CO","Hayden","yes","KHDN","HDN","KHDN","HDN",,"https://en.wikipedia.org/wiki/Yampa_Valley_Airport",
20041,"KHEF","medium_airport","Manassas Regional Airport/Harry P. Davis Field",38.721401,-77.515404,192,"NA","US","US-VA","Manassas","no","KHEF","MNZ","KHEF","HEF","http://www.manassascity.org/Index.aspx?NID=131","https://en.wikipedia.org/wiki/Manassas_Regional_Airport",
3576,"KHFD","medium_airport","Hartford Brainard Airport",41.736698150635,-72.649398803711,18,"NA","US","US-CT","Hartford","no","KHFD","HFD","KHFD","HFD",,"https://en.wikipedia.org/wiki/Hartford-Brainard_Airport",
3577,"KHGR","medium_airport","Hagerstown Regional Richard A Henson Field",39.708771,-77.728014,703,"NA","US","US-MD","Hagerstown","yes","KHGR","HGR","KHGR","HGR",,"https://en.wikipedia.org/wiki/Hagerstown_Regional_Airport",
3578,"KHHR","medium_airport","Jack Northrop Field Hawthorne Municipal Airport",33.922798,-118.334999,66,"NA","US","US-CA","Hawthorne","yes","KHHR","HHR","KHHR","HHR",,"https://en.wikipedia.org/wiki/Hawthorne_Municipal_Airport_(California)",
3579,"KHIB","medium_airport","Range Regional Airport",47.384831,-92.836905,1354,"NA","US","US-MN","Hibbing","yes","KHIB","HIB","KHIB","HIB",,"https://en.wikipedia.org/wiki/Range_Regional_Airport","Chisholm Hibbing Airport"
3580,"KHIF","medium_airport","Hill Air Force Base",41.12403,-111.973086,4789,"NA","US","US-UT","Ogden","no","KHIF","HIF","KHIF","HIF","http://www.hill.af.mil/","https://en.wikipedia.org/wiki/Hill_Air_Force_Base","Hill Field"
20053,"KHII","medium_airport","Lake Havasu City Airport",34.570506,-114.357745,783,"NA","US","US-AZ","Lake Havasu City","yes","KHII","HII","KHII","HII","https://www.lhcaz.gov/public-works/airport","https://en.wikipedia.org/wiki/Lake_Havasu_City_Airport",
20054,"KHIO","medium_airport","Portland Hillsboro Airport",45.540401,-122.949997,208,"NA","US","US-OR","Portland","no","KHIO","HIO","KHIO","HIO","http://www.flypdx.com/Airports/Hillsboro/","https://en.wikipedia.org/wiki/Hillsboro_Airport",
3581,"KHKY","medium_airport","Hickory Regional Airport",35.74110031,-81.38950348,1190,"NA","US","US-NC","Hickory","no","KHKY","HKY","KHKY","HKY",,"https://en.wikipedia.org/wiki/Hickory_Regional_Airport",
20061,"KHLG","medium_airport","Wheeling Ohio County Airport",40.1749992371,-80.6463012695,1195,"NA","US","US-WV","Wheeling","no","KHLG","HLG","KHLG","HLG",,"https://en.wikipedia.org/wiki/Wheeling_Ohio_County_Airport",
3582,"KHLN","medium_airport","Helena Regional Airport",46.6068,-111.983002,3877,"NA","US","US-MT","Helena","yes","KHLN","HLN","KHLN","HLN",,"https://en.wikipedia.org/wiki/Helena_Regional_Airport",
3584,"KHMN","medium_airport","Holloman Air Force Base",32.852501,-106.107002,4093,"NA","US","US-NM","Alamogordo","no","KHMN","HMN","KHMN","HMN","http://www.holloman.af.mil/","https://en.wikipedia.org/wiki/Holloman_Air_Force_Base","Alamogordo AAF"
20071,"KHOB","medium_airport","Lea County Regional Airport",32.6875,-103.217003,3661,"NA","US","US-NM","Hobbs","yes","KHOB","HOB","KHOB","HOB",,"https://en.wikipedia.org/wiki/Lea_County_Regional_Airport",
3585,"KHON","medium_airport","Huron Regional Airport",44.385201,-98.2285,1289,"NA","US","US-SD","Huron","no","KHON","HON","KHON","HON",,"https://en.wikipedia.org/wiki/Huron_Regional_Airport",
3586,"KHOP","medium_airport","Campbell Army Airfield (Fort Campbell)",36.674154,-87.48974,573,"NA","US","US-KY","Fort Campbell","no","KHOP","HOP","KHOP","HOP",,"https://en.wikipedia.org/wiki/Campbell_Army_Airfield","Campbell AFB, Hopkinsville"
3587,"KHOT","medium_airport","Memorial Field Airport",34.4788,-93.096262,540,"NA","US","US-AR","Hot Springs","yes","KHOT","HOT","KHOT","HOT",,"https://en.wikipedia.org/wiki/Hot_Springs_Memorial_Field_Airport",
3588,"KHOU","large_airport","William P. Hobby Airport",29.645336,-95.276812,46,"NA","US","US-TX","Houston","yes","KHOU","HOU","KHOU","HOU","http://www.fly2houston.com/hobbyHome","https://en.wikipedia.org/wiki/William_P._Hobby_Airport","QHO"
3589,"KHPN","medium_airport","Westchester County Airport",41.06700134277344,-73.70760345458984,439,"NA","US","US-NY","White Plains","yes","KHPN","HPN","KHPN","HPN",,"https://en.wikipedia.org/wiki/Westchester_County_Airport","Manhattan, New York City, NYC"
3590,"KHQM","medium_airport","Bowerman Airport",46.971199035599994,-123.93699646,18,"NA","US","US-WA","Hoquiam","no","KHQM","HQM","KHQM","HQM","http://www.portofgraysharbor.com/airport/airport.php","https://en.wikipedia.org/wiki/Bowerman_Airport",
3591,"KHRL","medium_airport","Valley International Airport",26.228500366210938,-97.65440368652344,36,"NA","US","US-TX","Harlingen","yes","KHRL","HRL","KHRL","HRL",,"https://en.wikipedia.org/wiki/Valley_International_Airport",
3592,"KHRO","medium_airport","Boone County Airport",36.26150131225586,-93.15470123291016,1365,"NA","US","US-AR","Harrison","yes","KHRO","HRO","KHRO","HRO",,"https://en.wikipedia.org/wiki/Boone_County_Airport",
20081,"KHRT","medium_airport","Hurlburt Field",30.427799,-86.689301,38,"NA","US","US-FL","Mary Esther","no",,,"KHRT","HRT",,"https://en.wikipedia.org/wiki/Hurlburt_Field",
3593,"KHST","medium_airport","Homestead Air Reserve Base",25.4886,-80.383598,5,"NA","US","US-FL","Homestead","no","KHST","HST","KHST","HST","https://www.homestead.afrc.af.mil/","https://en.wikipedia.org/wiki/Homestead_Air_Reserve_Base","Dade County Airport"
3594,"KHSV","medium_airport","Huntsville International Airport",34.636244,-86.774378,629,"NA","US","US-AL","Huntsville","yes","KHSV","HSV","KHSV","HSV","http://www.flyhuntsville.com","https://en.wikipedia.org/wiki/Huntsville_International_Airport","Carl T. Jones Field"
3595,"KHTS","medium_airport","Tri-State Airport / Milton J. Ferguson Field",38.366699,-82.557999,828,"NA","US","US-WV","Huntington","yes","KHTS","HTS","KHTS","HTS",,"https://en.wikipedia.org/wiki/Tri-State_Airport",
3596,"KHUA","medium_airport","Redstone Army Air Field",34.67869949,-86.68479919,684,"NA","US","US-AL","Redstone Arsnl Huntsville","no","KHUA","HUA","KHUA","HUA",,"https://en.wikipedia.org/wiki/Redstone_Army_Airfield",
3597,"KHUF","medium_airport","Terre Haute Regional Airport, Hulman Field",39.4515,-87.307602,589,"NA","US","US-IN","Terre Haute","no",,"HUF","KHUF","HUF","http://huf.com/","https://en.wikipedia.org/wiki/Terre_Haute_Regional_Airport",
20095,"KHUL","medium_airport","Houlton International Airport",46.1231002808,-67.792098999,489,"NA","US","US-ME","Houlton","no","KHUL","HUL","KHUL","HUL",,"https://en.wikipedia.org/wiki/Houlton_International_Airport","Houlton AAF"
3598,"KHUT","medium_airport","Hutchinson Municipal Airport",38.0654983521,-97.86060333250002,1543,"NA","US","US-KS","Hutchinson","no","KHUT","HUT","KHUT","HUT","http://www.hutchgov.com/department/?fDD=20-0","https://en.wikipedia.org/wiki/Hutchinson_Municipal_Airport_(Kansas)",
3599,"KHVN","medium_airport","Tweed New Haven Airport",41.262869,-72.887694,12,"NA","US","US-CT","New Haven","yes","KHVN","HVN","KHVN","HVN","https://flytweed.com","https://en.wikipedia.org/wiki/Tweed_New_Haven_Regional_Airport",
20099,"KHVR","medium_airport","Havre City County Airport",48.541387,-109.762859,2591,"NA","US","US-MT","Havre","yes","KHVR","HVR","KHVR","HVR",,"https://en.wikipedia.org/wiki/Havre_City%E2%80%93County_Airport",
20102,"KHWO","medium_airport","North Perry Airport",26.0012,-80.2407,8,"NA","US","US-FL","Hollywood","no","KHWO","HWO","KHWO","HWO","http://www.broward.org/airport/northperryairport/Pages/Default.aspx","https://en.wikipedia.org/wiki/North_Perry_Airport",
20105,"KHXD","medium_airport","Hilton Head Airport",32.2244,-80.697502,19,"NA","US","US-SC","Hilton Head Island","yes","KHXD","HHH","KHXD","HXD","https://www.hiltonheadairport.com/","https://en.wikipedia.org/wiki/Hilton_Head_Airport","49J"
3600,"KHYA","medium_airport","Cape Cod Gateway Airport",41.6693,-70.280403,54,"NA","US","US-MA","Hyannis","yes","KHYA","HYA","KHYA","HYA",,"https://en.wikipedia.org/wiki/Barnstable_Municipal_Airport","Barnstable, Boardman Polando"
20107,"KHYI","medium_airport","San Marcos Regional Airport",29.8927,-97.862999,597,"NA","US","US-TX","San Marcos","no",,,"KHYI","HYI",,"https://en.wikipedia.org/wiki/San_Marcos_Regional_Airport","San Marcos Municipal"
20108,"KHYR","medium_airport","Sawyer County Airport",46.025199890100005,-91.44429779050002,1216,"NA","US","US-WI","Hayward","no","KHYR","HYR","KHYR","HYR","http://sawyercountygov.org/Departments/Airport/tabid/93/Default.aspx","https://en.wikipedia.org/wiki/Sawyer_County_Airport",
20109,"KHYS","medium_airport","Hays Regional Airport",38.844521,-99.273148,1999,"NA","US","US-KS","Hays","yes","KHYS","HYS","KHYS","HYS",,"https://en.wikipedia.org/wiki/Hays_Regional_Airport",
20117,"KHZY","medium_airport","Northeast Ohio Regional Airport",41.778,-80.695503,924,"NA","US","US-OH","Ashtabula","no","KHZY","JFN","KHZY","HZY","http://www.neohioregionalairport.com/","https://en.wikipedia.org/wiki/Ashtabula_County_Airport","Ashtabula County"
20129,"KI39","medium_airport","Central Kentucky Regional Airport",37.630798,-84.332298,1002,"NA","US","US-KY","Richmond","no",,,"KRGA","RGA",,"https://en.wikipedia.org/wiki/Central_Kentucky_Regional_Airport","I39, Madison"
3601,"KIAB","medium_airport","McConnell Air Force Base",37.621899,-97.268204,1371,"NA","US","US-KS","Wichita","no","KIAB","IAB","KIAB","IAB","http://public.mcconnell.amc.af.mil/","https://en.wikipedia.org/wiki/McConnell_Air_Force_Base","22nd Air Refueling Wing, 931st Air Refueling Group, 184th Intelligence Wing"
3602,"KIAD","large_airport","Washington Dulles International Airport",38.9445,-77.455803,312,"NA","US","US-VA","Dulles","yes","KIAD","IAD","KIAD","IAD","http://www.mwaa.com/dulles/","https://en.wikipedia.org/wiki/Washington_Dulles_International_Airport","WAS"
3603,"KIAG","medium_airport","Niagara Falls International Airport",43.1073,-78.946198,589,"NA","US","US-NY","Niagara Falls","yes","KIAG","IAG","KIAG","IAG","https://www.niagarafallsairport.com/","https://en.wikipedia.org/wiki/Niagara_Falls_International_Airport",
3604,"KIAH","large_airport","George Bush Intercontinental Airport",29.9844,-95.3414,97,"NA","US","US-TX","Houston","yes","KIAH","IAH","KIAH","IAH","http://www.fly2houston.com/iah","https://en.wikipedia.org/wiki/George_Bush_Intercontinental_Airport","QHO"
3605,"KICT","medium_airport","Wichita Dwight D. Eisenhower National Airport",37.650314,-97.428583,1333,"NA","US","US-KS","Wichita","yes","KICT","ICT","KICT","ICT","https://flywichita.com","https://en.wikipedia.org/wiki/Wichita_Dwight_D._Eisenhower_National_Airport","Mid-Continent Airport"
3606,"KIDA","medium_airport","Idaho Falls Regional Airport",43.514599,-112.070999,4744,"NA","US","US-ID","Idaho Falls","yes","KIDA","IDA","KIDA","IDA",,"https://en.wikipedia.org/wiki/Idaho_Falls_Regional_Airport","Fanning Field"
20160,"KIFP","medium_airport","Laughlin Bullhead International Airport",35.154726,-114.559322,701,"NA","US","US-AZ","Bullhead City","no","KIFP","IFP","KIFP","IFP",,"https://en.wikipedia.org/wiki/Laughlin/Bullhead_International_Airport",
20161,"KIGM","medium_airport","Kingman Airport",35.259499,-113.938004,3449,"NA","US","US-AZ","Kingman","no","KIGM","IGM","KIGM","IGM",,"https://en.wikipedia.org/wiki/Kingman_Airport_(Arizona)",
3607,"KIKK","medium_airport","Greater Kankakee Airport",41.07139968869999,-87.8462982178,630,"NA","US","US-IL","Kankakee","no","KIKK","IKK","KIKK","IKK","http://kvaa.com/","https://en.wikipedia.org/wiki/Greater_Kankakee_Airport",
3608,"KILG","medium_airport","Wilmington Airport",39.678699,-75.606499,80,"NA","US","US-DE","Wilmington","yes","KILG","ILG","KILG","ILG","https://flyilg.com","https://en.wikipedia.org/wiki/New_Castle_Airport","New Castle"
3609,"KILM","medium_airport","Wilmington International Airport",34.272345,-77.905117,32,"NA","US","US-NC","Wilmington","yes","KILM","ILM","KILM","ILM","https://flyilm.com","https://en.wikipedia.org/wiki/Wilmington_International_Airport",
20173,"KILN","medium_airport","Wilmington Airpark",39.427898407,-83.792098999,1077,"NA","US","US-OH","Wilmington","no","KILN","ILN","KILN","ILN","http://www.wilmingtonairpark.com/","https://en.wikipedia.org/wiki/Airborne_Airpark","Clinton Field, Clinton County AFB, Airborne Airpark"
20177,"KIMT","medium_airport","Ford Airport",45.81911,-88.114557,1182,"NA","US","US-MI","Kingsford","yes","KIMT","IMT","KIMT","IMT","http://www.fordairport.org/","https://en.wikipedia.org/wiki/Ford_Airport_(Iron_Mountain)","Iron Mountain"
3610,"KIND","large_airport","Indianapolis International Airport",39.7173,-86.294403,797,"NA","US","US-IN","Indianapolis","yes","KIND","IND","KIND","IND","http://www.indianapolisairport.com/","https://en.wikipedia.org/wiki/Indianapolis_International_Airport",
3611,"KINK","medium_airport","Winkler County Airport",31.779600143399996,-103.200996399,2822,"NA","US","US-TX","Wink","no","KINK","INK","KINK","INK","http://www.co.winkler.tx.us/default.aspx?Winkler_County/County.Airport","https://en.wikipedia.org/wiki/Winkler_County_Airport",
3612,"KINL","medium_airport","Falls International Airport",48.566200256347656,-93.4030990600586,1185,"NA","US","US-MN","International Falls","yes","KINL","INL","KINL","INL",,"https://en.wikipedia.org/wiki/Falls_International_Airport",
3613,"KINT","medium_airport","Smith Reynolds Airport",36.13370132446289,-80.22200012207031,969,"NA","US","US-NC","Winston Salem","no","KINT","INT","KINT","INT",,"https://en.wikipedia.org/wiki/Smith_Reynolds_Airport",
20180,"KINW","medium_airport","Winslow Lindbergh Regional Airport",35.021900177,-110.722999573,4941,"NA","US","US-AZ","Winslow","no","KINW","INW","KINW","INW",,"https://en.wikipedia.org/wiki/Winslow-Lindbergh_Regional_Airport",
20184,"KIPL","medium_airport","Imperial County Airport",32.83539,-115.574026,-54,"NA","US","US-CA","Imperial","yes","KIPL","IPL","KIPL","IPL",,"https://en.wikipedia.org/wiki/Imperial_County_Airport",
3614,"KIPT","medium_airport","Williamsport Regional Airport",41.242126,-76.92245,529,"NA","US","US-PA","Williamsport","yes","KIPT","IPT","KIPT","IPT",,"https://en.wikipedia.org/wiki/Williamsport_Regional_Airport",
3615,"KIRK","medium_airport","Kirksville Regional Airport",40.09349822998047,-92.5448989868164,966,"NA","US","US-MO","Kirksville","yes","KIRK","IRK","KIRK","IRK",,"https://en.wikipedia.org/wiki/Kirksville_Regional_Airport",
20187,"KISM","medium_airport","Kissimmee Gateway Airport",28.2898006439,-81.4371032715,82,"NA","US","US-FL","Orlando","no","KISM","ISM","KISM","ISM","http://www.kissimmee.org/index.aspx?page=111","https://en.wikipedia.org/wiki/Kissimmee_Gateway_Airport",
20189,"KISO","medium_airport","Kinston Regional Jetport At Stallings Field",35.331401825,-77.60880279540001,93,"NA","US","US-NC","Kinston","no","KISO","ISO","KISO","ISO","http://www.jetkinston.com/","https://en.wikipedia.org/wiki/Kinston_Regional_Jetport",
3616,"KISP","medium_airport","Long Island MacArthur Airport",40.796324,-73.101703,99,"NA","US","US-NY","Islip","yes","KISP","ISP","KISP","ISP","https://flymacarthur.com","https://en.wikipedia.org/wiki/Long_Island_MacArthur_Airport","Islip Airport"
20193,"KITH","medium_airport","Ithaca Tompkins Regional Airport",42.49100112915039,-76.4583969116211,1099,"NA","US","US-NY","Ithaca","yes","KITH","ITH","KITH","ITH",,"https://en.wikipedia.org/wiki/Ithaca_Tompkins_Regional_Airport",
3617,"KIWA","medium_airport","Mesa Gateway Airport",33.3078,-111.654999,1382,"NA","US","US-AZ","Mesa","yes","KIWA","AZA","KIWA","IWA","https://www.gatewayairport.com/","https://en.wikipedia.org/wiki/Phoenix%E2%80%93Mesa_Gateway_Airport","Higley Field, CHD, Phoenix-Mesa Gateway Airport, Williams Air Force Base, Williams Gateway Airport"
3618,"KJAC","medium_airport","Jackson Hole Airport",43.6073,-110.737999,6451,"NA","US","US-WY","Jackson","yes","KJAC","JAC","KJAC","JAC","http://jacksonholeairport.com/","https://en.wikipedia.org/wiki/Jackson_Hole_Airport",
3619,"KJAN","medium_airport","Jackson-Medgar Wiley Evers International Airport",32.311199,-90.075897,346,"NA","US","US-MS","Jackson","yes","KJAN","JAN","KJAN","JAN",,"https://en.wikipedia.org/wiki/Jackson-Evers_International_Airport",
3620,"KJAX","large_airport","Jacksonville International Airport",30.492469,-81.687813,30,"NA","US","US-FL","Jacksonville","yes","KJAX","JAX","KJAX","JAX","https://www.flyjacksonville.com/","https://en.wikipedia.org/wiki/Jacksonville_International_Airport",
3621,"KJBR","medium_airport","Jonesboro Municipal Airport",35.83169937133789,-90.64640045166016,262,"NA","US","US-AR","Jonesboro","yes","KJBR","JBR","KJBR","JBR",,"https://en.wikipedia.org/wiki/Jonesboro_Municipal_Airport",
20205,"KJCT","medium_airport","Kimble County Airport",30.5112991333,-99.7634963989,1749,"NA","US","US-TX","Junction","no","KJCT","JCT","KJCT","JCT",,,
3622,"KJFK","large_airport","John F. Kennedy International Airport",40.639447,-73.779317,13,"NA","US","US-NY","New York","yes","KJFK","JFK","KJFK","JFK","https://www.jfkairport.com/","https://en.wikipedia.org/wiki/John_F._Kennedy_International_Airport","Manhattan, New York City, NYC, Idlewild, IDL, KIDL"
20213,"KJHW","medium_airport","Chautauqua County-Jamestown Airport",42.15425,-79.254008,1723,"NA","US","US-NY","Jamestown","no","KJHW","JHW","KJHW","JHW",,"https://en.wikipedia.org/wiki/Chautauqua_County-Jamestown_Airport",
20216,"KJKL","medium_airport","Julian Carroll Airport",37.59389877319336,-83.31729888916016,1381,"NA","US","US-KY","Jackson","no",,,"KJKL","JKL",,,
3623,"KJLN","medium_airport","Joplin Regional Airport",37.151798,-94.498299,981,"NA","US","US-MO","Joplin","yes","KJLN","JLN","KJLN","JLN",,"https://en.wikipedia.org/wiki/Joplin_Regional_Airport",
3624,"KJMS","medium_airport","Jamestown Regional Airport",46.92969894,-98.67819977,1500,"NA","US","US-ND","Jamestown","yes","KJMS","JMS","KJMS","JMS",,"https://en.wikipedia.org/wiki/Jamestown_Regional_Airport",
20218,"KJNX","medium_airport","Johnston Regional Airport",35.540901,-78.390297,164,"NA","US","US-NC","Smithfield","no",,,"KJNX","JNX","https://www.johnstonnc.com/JNX/",,"Johnston County Airport"
20220,"KJQF","medium_airport","Concord-Padgett Regional Airport",35.387798,-80.709099,705,"NA","US","US-NC","Concord","yes","KJQF","USA","KJQF","JQF","http://www.concordnc.gov/Departments/Concord-Regional-Airport","https://en.wikipedia.org/wiki/Concord_Regional_Airport","3N8, ""NASCAR's Airport"""
3625,"KJST","medium_airport","John Murtha Johnstown Cambria County Airport",40.31610107421875,-78.83390045166016,2284,"NA","US","US-PA","Johnstown","yes","KJST","JST","KJST","JST",,"https://en.wikipedia.org/wiki/Johnstown-Cambria_County_Airport",
20227,"KJWY","medium_airport","Mid-Way Regional Airport",32.4587,-96.912399,713,"NA","US","US-TX","Midlothian/Waxahachie","no",,,"KJWY","JWY","http://www.mid-wayregional.com/","https://en.wikipedia.org/wiki/Mid-Way_Regional_Airport","4T6"
3626,"KJXN","medium_airport","Jackson County Airport/Reynolds Field",42.260509,-84.463019,1001,"NA","US","US-MI","Jackson","no","KJXN","JXN","KJXN","JXN","http://www.co.jackson.mi.us/airport/","https://en.wikipedia.org/wiki/Jackson_County_Airport_(Michigan)",
20277,"KKLS","medium_airport","Southwest Washington Regional Airport",46.11800003049999,-122.898002625,20,"NA","US","US-WA","Kelso","no","KKLS","KLS","KKLS","KLS","http://www.kelso.gov/Departments%20%2526%20Services/Airport","https://en.wikipedia.org/wiki/Southwest_Washington_Regional_Airport","Molt Taylor Field, Kelso-Longview Regional"
20300,"KL45","medium_airport","Bakersfield International Airport",35.324799,-118.996002,378,"NA","US","US-CA","Bakersfield","no",,,,"L45","https://www.bakersfieldcity.us/565/Bakersfield-Municipal-Airport","https://en.wikipedia.org/wiki/Bakersfield_Municipal_Airport",
20308,"KL71","medium_airport","California City Municipal Airport",35.151377,-118.016059,2454,"NA","US","US-CA","California City","no",,,"KL71","L71",,"https://en.wikipedia.org/wiki/California_City_Municipal_Airport",
20317,"KLAA","medium_airport","Southeast Colorado Regional Airport",38.066407,-102.691373,3706,"NA","US","US-CO","Lamar","no","KLAA","LAA","KLAA","LAA","http://www.ci.lamar.co.us/index.asp?Type=B_BASIC&SEC={C91FC3CC-5A83-4F9C-9AF7-A96F374C2EE5}&DE=","https://en.wikipedia.org/wiki/Lamar_Municipal_Airport_(Colorado)","Lamar Municipal"
3627,"KLAF","medium_airport","Purdue University Airport",40.412875,-86.939363,606,"NA","US","US-IN","West Lafayette","yes","KLAF","LAF","KLAF","LAF",,"https://en.wikipedia.org/wiki/Purdue_University_Airport",
3628,"KLAL","medium_airport","Lakeland Linder International Airport",27.989267,-82.020715,142,"NA","US","US-FL","Lakeland","yes","KLAL","LAL","KLAL","LAL","https://flylakeland.com","https://en.wikipedia.org/wiki/Lakeland_Linder_International_Airport",
3629,"KLAN","medium_airport","Capital Region International Airport",42.777582,-84.585721,861,"NA","US","US-MI","Lansing","yes","KLAN","LAN","KLAN","LAN","https://flylansing.com","https://en.wikipedia.org/wiki/Lansing_Capital_City_Airport","Lansing Capital City, Capital City"
3630,"KLAR","medium_airport","Laramie Regional Airport",41.31209945678711,-105.67500305175781,7284,"NA","US","US-WY","Laramie","yes","KLAR","LAR","KLAR","LAR",,"https://en.wikipedia.org/wiki/Laramie_Regional_Airport",
3631,"KLAS","large_airport","Harry Reid International Airport",36.083361,-115.151817,2181,"NA","US","US-NV","Las Vegas","yes","KLAS","LAS","KLAS","LAS","https://www.harryreidairport.com/","https://en.wikipedia.org/wiki/Harry_Reid_International_Airport","McCarran International Airport"
20319,"KLAW","medium_airport","Lawton Fort Sill Regional Airport",34.567699,-98.416603,1110,"NA","US","US-OK","Lawton","yes","KLAW","LAW","KLAW","LAW",,"https://en.wikipedia.org/wiki/Lawton-Fort_Sill_Regional_Airport",
3632,"KLAX","large_airport","Los Angeles International Airport",33.942501,-118.407997,125,"NA","US","US-CA","Los Angeles","yes","KLAX","LAX","KLAX","LAX","https://www.flylax.com/","https://en.wikipedia.org/wiki/Los_Angeles_International_Airport","Tom Bradley"
3633,"KLBB","medium_airport","Lubbock Preston Smith International Airport",33.663601,-101.822998,3282,"NA","US","US-TX","Lubbock","yes","KLBB","LBB","KLBB","LBB","http://www.flylia.com/","https://en.wikipedia.org/wiki/Lubbock_Preston_Smith_International_Airport",
3634,"KLBE","medium_airport","Arnold Palmer Regional Airport",40.275902,-79.4048,1199,"NA","US","US-PA","Latrobe","yes","KLBE","LBE","KLBE","LBE",,"https://en.wikipedia.org/wiki/Arnold_Palmer_Regional_Airport",
3635,"KLBF","medium_airport","North Platte Regional Airport Lee Bird Field",41.12620163,-100.6839981,2777,"NA","US","US-NE","North Platte","yes","KLBF","LBF","KLBF","LBF",,"https://en.wikipedia.org/wiki/North_Platte_Regional_Airport",
3636,"KLBL","medium_airport","Liberal Mid-America Regional Airport",37.0442009,-100.9599991,2885,"NA","US","US-KS","Liberal","yes","KLBL","LBL","KLBL","LBL",,"https://en.wikipedia.org/wiki/Liberal_Municipal_Airport",
20322,"KLBT","medium_airport","Lumberton Regional Airport",34.610773,-79.05943,126,"NA","US","US-NC","Lumberton","no","KLBT","LBT","KLBT","LBT","http://www.lumbertonmunicipalairport.com/default.htm","https://en.wikipedia.org/wiki/Lumberton_Municipal_Airport",
20323,"KLBX","medium_airport","Texas Gulf Coast Regional Airport",29.108601,-95.462097,25,"NA","US","US-TX","Angleton","no","KLBX","LJN","KLBX","LBX","http://www.flylbx.org/","https://en.wikipedia.org/wiki/Texas_Gulf_Coast_Regional_Airport","Texas Gulf Coast Regional Airport"
3637,"KLCH","medium_airport","Lake Charles Regional Airport",30.126100540161133,-93.22329711914062,15,"NA","US","US-LA","Lake Charles","yes","KLCH","LCH","KLCH","LCH",,"https://en.wikipedia.org/wiki/Lake_Charles_Regional_Airport",
3638,"KLCK","medium_airport","Rickenbacker International Airport",39.813801,-82.927803,744,"NA","US","US-OH","Columbus","yes","KLCK","LCK","KLCK","LCK","https://flycolumbus.com/general-aviation/lck/","https://en.wikipedia.org/wiki/Rickenbacker_International_Airport","Lockbourne Army Air Field"
3639,"KLEB","medium_airport","Lebanon Municipal Airport",43.626098632799994,-72.30419921880001,603,"NA","US","US-NH","Lebanon","yes","KLEB","LEB","KLEB","LEB","http://flyleb.com/","https://en.wikipedia.org/wiki/Lebanon_Municipal_Airport_(New_Hampshire)",
20329,"KLEE","medium_airport","Leesburg International Airport",28.82309914,-81.80870056,76,"NA","US","US-FL","Leesburg","no","KLEE","LEE","KLEE","LEE","http://www.leesburgflorida.gov/index.aspx?page=45","https://en.wikipedia.org/wiki/Leesburg_International_Airport","Leesburg AAF"
3640,"KLEX","medium_airport","Blue Grass Airport",38.035066,-84.606738,979,"NA","US","US-KY","Lexington","yes","KLEX","LEX","KLEX","LEX","http://www.bluegrassairport.com/","https://en.wikipedia.org/wiki/Blue_Grass_Airport",
3641,"KLFI","medium_airport","Langley Air Force Base",37.082901,-76.360497,11,"NA","US","US-VA","Hampton","no","KLFI","LFI","KLFI","LFI","http://www.langleyafb.us/","https://en.wikipedia.org/wiki/Langley_Field","Langley Field"
20332,"KLFK","medium_airport","Angelina County Airport",31.2339992523,-94.75,296,"NA","US","US-TX","Lufkin","no","KLFK","LFK","KLFK","LFK","http://www.angelinacounty.net/departments/airport","https://en.wikipedia.org/wiki/Angelina_County_Airport",
3642,"KLFT","medium_airport","Lafayette Regional Airport",30.205299,-91.987602,42,"NA","US","US-LA","Lafayette","yes","KLFT","LFT","KLFT","LFT","http://www.lftairport.com/Home","https://en.wikipedia.org/wiki/Lafayette_Regional_Airport",
3643,"KLGA","large_airport","LaGuardia Airport",40.777199,-73.872597,21,"NA","US","US-NY","New York","yes","KLGA","LGA","KLGA","LGA","https://www.laguardiaairport.com/","https://en.wikipedia.org/wiki/LaGuardia_Airport","Manhattan, New York City, NYC, Glenn H. Curtiss Airport, North Beach Airport, La Guardia"
3644,"KLGB","large_airport","Long Beach International Airport",33.816523,-118.149891,60,"NA","US","US-CA","Long Beach","yes","KLGB","LGB","KLGB","LGB","http://www.lgb.org/","https://en.wikipedia.org/wiki/Long_Beach_Airport","Daugherty Field"
20337,"KLGU","medium_airport","Logan-Cache Airport",41.7911987305,-111.851997375,4457,"NA","US","US-UT","Logan","no","KLGU","LGU","KLGU","LGU","http://logan-cacheairport.org/","https://en.wikipedia.org/wiki/Logan-Cache_Airport",
3645,"KLIT","medium_airport","Bill & Hillary Clinton National Airport/Adams Field",34.729222,-92.223591,262,"NA","US","US-AR","Little Rock","yes","KLIT","LIT","KLIT","LIT","https://clintonairport.com","https://en.wikipedia.org/wiki/Little_Rock_National_Airport",
20354,"KLLQ","medium_airport","Monticello Municipal Ellis Field",33.638599,-91.750999,270,"NA","US","US-AR","Monticello","no",,,"KLLQ","LLQ",,"https://en.wikipedia.org/wiki/Monticello_Municipal_Airport_(Arkansas)","M76"
3646,"KLMT","medium_airport","Crater Lake-Klamath Regional Airport",42.156101,-121.733002,4095,"NA","US","US-OR","Klamath Falls","no","KLMT","LMT","KLMT","LMT",,"https://en.wikipedia.org/wiki/Klamath_Falls_Airport","Klamath Falls Airport"
20359,"KLND","medium_airport","Hunt Field",42.815201,-108.730003,5586,"NA","US","US-WY","Lander","no","KLND","LND","KLND","LND",,"https://en.wikipedia.org/wiki/Hunt_Field",
3647,"KLNK","medium_airport","Lincoln Airport",40.844882,-96.76178,1219,"NA","US","US-NE","Lincoln","yes","KLNK","LNK","KLNK","LNK","http://www.lincolnairport.com/","https://en.wikipedia.org/wiki/Lincoln_Airport_%28Nebraska%29","Lincoln Army Air Field, Lincoln Air Force Base, 155th Air Refueling Wing, Lincoln Municpal"
3648,"KLNS","medium_airport","Lancaster Airport",40.121700286865234,-76.29609680175781,403,"NA","US","US-PA","Lancaster","yes","KLNS","LNS","KLNS","LNS",,"https://en.wikipedia.org/wiki/Lancaster_Airport_(Pennsylvania)",
20364,"KLOL","medium_airport","Derby Field",40.0663986206,-118.565002441,3904,"NA","US","US-NV","Lovelock","no","KLOL","LOL","KLOL","LOL","http://pershingcounty.net/index.php/Derby-Field-Airport/derby-field-airport.html","https://en.wikipedia.org/wiki/Derby_Field",
3649,"KLOU","medium_airport","Bowman Field",38.2280006409,-85.6636962891,546,"NA","US","US-KY","Louisville","no","KLOU","LOU","KLOU","LOU","http://www.flylouisville.com/bowman-field/fast-facts/","https://en.wikipedia.org/wiki/Bowman_Field_(airport)",
3650,"KLOZ","medium_airport","London-Corbin Airport/Magee Field",37.0821990967,-84.08489990230001,1212,"NA","US","US-KY","London","no","KLOZ","LOZ","KLOZ","LOZ","http://www.london-corbinairport.com/","https://en.wikipedia.org/wiki/London-Corbin_Airport",
3651,"KLRD","medium_airport","Laredo International Airport",27.5438,-99.461601,508,"NA","US","US-TX","Laredo","yes","KLRD","LRD","KLRD","LRD",,"https://en.wikipedia.org/wiki/Laredo_International_Airport",
3652,"KLRF","medium_airport","Little Rock Air Force Base",34.916900634799994,-92.14969635010002,311,"NA","US","US-AR","Jacksonville","no","KLRF","LRF","KLRF","LRF","http://www.littlerock.af.mil/","https://en.wikipedia.org/wiki/Little_Rock_Air_Force_Base",
3653,"KLRU","medium_airport","Las Cruces International Airport",32.289398,-106.921997,4456,"NA","US","US-NM","Las Cruces","yes","KLRU","LRU","KLRU","LRU",,"https://en.wikipedia.org/wiki/Las_Cruces_International_Airport",
3654,"KLSE","medium_airport","La Crosse Regional Airport",43.879002,-91.256699,655,"NA","US","US-WI","La Crosse","yes","KLSE","LSE","KLSE","LSE","http://www.lseairport.com/","https://en.wikipedia.org/wiki/La_Crosse_Municipal_Airport","airport, regional"
3655,"KLSF","medium_airport","Lawson Army Air Field",32.332546,-84.988003,232,"NA","US","US-GA","Fort Benning","no","KLSF","LSF","KLSF","LSF",,"https://en.wikipedia.org/wiki/Lawson_Army_Airfield","Columbus"
3656,"KLSV","medium_airport","Nellis Air Force Base",36.2361984253,-115.033996582,1870,"NA","US","US-NV","Las Vegas","no","KLSV","LSV","KLSV","LSV","http://www.nellis.af.mil/","https://en.wikipedia.org/wiki/Nellis_Air_Force_Base","McCarran Field, Las Vegas AAF, Las Vegas AFB"
3657,"KLTS","medium_airport","Altus Air Force Base",34.667099,-99.266701,1382,"NA","US","US-OK","Altus","no","KLTS","LTS","KLTS","LTS","http://www.altus.af.mil/","https://en.wikipedia.org/wiki/Altus_Air_Force_Base",
3658,"KLUF","medium_airport","Luke Air Force Base",33.535,-112.383003,1085,"NA","US","US-AZ","Glendale","no","KLUF","LUF","KLUF","LUF","http://www.luke.af.mil/","https://en.wikipedia.org/wiki/Luke_Air_Force_Base",
3659,"KLUK","medium_airport","Cincinnati Municipal Airport Lunken Field",39.102357,-84.418945,483,"NA","US","US-OH","Cincinnati","yes","KLUK","LUK","KLUK","LUK",,"https://en.wikipedia.org/wiki/Cincinnati_Municipal_Airport",
20386,"KLVM","medium_airport","Mission Field",45.6994018555,-110.447998047,4660,"NA","US","US-MT","Livingston","no","KLVM","LVM","KLVM","LVM","http://www.parkcounty.org/site/Air_M_1.html#mf","https://en.wikipedia.org/wiki/Mission_Field",
20388,"KLVS","medium_airport","Las Vegas Municipal Airport",35.654202,-105.141998,6877,"NA","US","US-NM","Las Vegas","no","KLVS","LVS","KLVS","LVS","http://www.lasvegasnm.gov/business/municipal_airport/index.php","https://en.wikipedia.org/wiki/Las_Vegas_Municipal_Airport",
20390,"KLWB","medium_airport","Greenbrier Valley Airport",37.857914,-80.400438,2302,"NA","US","US-WV","Lewisburg","yes","KLWB","LWB","KLWB","LWB",,"https://en.wikipedia.org/wiki/Greenbrier_Valley_Airport",
3660,"KLWM","medium_airport","Lawrence Municipal Airport",42.717201232899995,-71.1233978271,148,"NA","US","US-MA","Lawrence","no","KLWM","LWM","KLWM","LWM","http://www.lawrencemunicipalairport.com/","https://en.wikipedia.org/wiki/Lawrence_Municipal_Airport_(Massachusetts)",
20393,"KLWS","medium_airport","Lewiston Nez Perce County Airport",46.3745002746582,-117.01499938964844,1442,"NA","US","US-ID","Lewiston","yes","KLWS","LWS","KLWS","LWS",,"https://en.wikipedia.org/wiki/Lewiston-Nez_Perce_County_Airport",
3661,"KLWT","medium_airport","Lewistown Municipal Airport",47.048429,-109.466143,4170,"NA","US","US-MT","Lewistown","no","KLWT","LWT","KLWT","LWT",,"https://en.wikipedia.org/wiki/Lewistown_Municipal_Airport",
3662,"KLYH","medium_airport","Lynchburg Regional Airport - Preston Glenn Field",37.326698,-79.200401,938,"NA","US","US-VA","Lynchburg","yes","KLYH","LYH","KLYH","LYH",,"https://en.wikipedia.org/wiki/Lynchburg_Regional_Airport",
3663,"KMAF","medium_airport","Midland International Air and Space Port",31.942499,-102.202003,2871,"NA","US","US-TX","Midland","yes","KMAF","MAF","KMAF","MAF","https://flymaf.com","https://en.wikipedia.org/wiki/Midland_International_Airport","Midland International Airport"
20474,"KMBG","medium_airport","Mobridge Municipal Airport",45.54650116,-100.4079971,1716,"NA","US","US-SD","Mobridge","no","KMBG","MBG","KMBG","MBG",,"https://en.wikipedia.org/wiki/Mobridge_Municipal_Airport",
3664,"KMBS","medium_airport","MBS International Airport",43.533181,-84.083104,668,"NA","US","US-MI","Freeland","yes","KMBS","MBS","KMBS","MBS","http://www.mbsairport.org/","https://en.wikipedia.org/wiki/MBS_International_Airport","Tri City Airport, Midland, Bay City, Saginaw"
3665,"KMCB","medium_airport","McComb-Pike County Airport / John E Lewis Field",31.178499,-90.471901,413,"NA","US","US-MS","McComb","no","KMCB","MCB","KMCB","MCB",,"https://en.wikipedia.org/wiki/McComb%E2%80%93Pike_County_Airport",
3666,"KMCC","medium_airport","McClellan Airfield",38.667599,-121.401001,77,"NA","US","US-CA","Sacramento","no","KMCC","MCC","KMCC","MCC",,"https://en.wikipedia.org/wiki/McClellan_Airfield","McClellan AFB"
20480,"KMCE","medium_airport","Merced Regional Macready Field",37.284698,-120.514,155,"NA","US","US-CA","Merced","yes","KMCE","MCE","KMCE","MCE",,"https://en.wikipedia.org/wiki/Merced_Regional_Airport",
3667,"KMCF","medium_airport","MacDill Air Force Base",27.8493,-82.521202,14,"NA","US","US-FL","Tampa","no","KMCF","MCF","KMCF","MCF","http://www.macdill.af.mil/","https://en.wikipedia.org/wiki/MacDill_Air_Force_Base","Southeast Air Base - Tampa, MacDill Field"
3668,"KMCI","large_airport","Kansas City International Airport",39.301699,-94.713893,1026,"NA","US","US-MO","Kansas City","yes","KMCI","MCI","KMCI","MCI","http://www.flykci.com/","https://en.wikipedia.org/wiki/Kansas_City_International_Airport",
20481,"KMCK","medium_airport","McCook Ben Nelson Regional Airport",40.207787,-100.592794,2583,"NA","US","US-NE","McCook","yes","KMCK","MCK","KMCK","MCK",,"https://en.wikipedia.org/wiki/McCook_Regional_Airport",
3669,"KMCN","medium_airport","Middle Georgia Regional Airport",32.69279861450195,-83.64920043945312,354,"NA","US","US-GA","Macon","yes","KMCN","MCN","KMCN","MCN",,"https://en.wikipedia.org/wiki/Middle_Georgia_Regional_Airport",
3670,"KMCO","large_airport","Orlando International Airport",28.429399490356445,-81.30899810791016,96,"NA","US","US-FL","Orlando","yes","KMCO","MCO","KMCO","MCO","http://www.orlandoairports.net/","https://en.wikipedia.org/wiki/Orlando_International_Airport","Disney World,Epcot Center"
20482,"KMCW","medium_airport","Mason City Municipal Airport",43.159801,-93.329716,1213,"NA","US","US-IA","Mason City","yes","KMCW","MCW","KMCW","MCW","http://flymcw.com/","https://en.wikipedia.org/wiki/Mason_City_Municipal_Airport",
3671,"KMDH","medium_airport","Southern Illinois Airport",37.778099,-89.251999,411,"NA","US","US-IL","Murphysboro","no","KMDH","MDH","KMDH","MDH",,"https://en.wikipedia.org/wiki/Southern_Illinois_Airport","Carbondale"
3672,"KMDT","medium_airport","Harrisburg International Airport",40.192838,-76.762333,310,"NA","US","US-PA","Harrisburg","yes","KMDT","MDT","KMDT","MDT","http://www.flyhia.com/","https://en.wikipedia.org/wiki/Harrisburg_International_Airport","Harrisburg, Lancaster, York, HIA, Middletown"
3673,"KMDW","large_airport","Chicago Midway International Airport",41.785999,-87.752403,620,"NA","US","US-IL","Chicago","yes","KMDW","MDW","KMDW","MDW","https://www.flychicago.com/midway/home/pages/default.aspx","https://en.wikipedia.org/wiki/Midway_International_Airport","CHI"
3674,"KMEI","medium_airport","Key Field / Meridian Regional Airport",32.3326,-88.7519,297,"NA","US","US-MS","Meridian","yes","KMEI","MEI","KMEI","MEI",,"https://en.wikipedia.org/wiki/Meridian_Regional_Airport",
3675,"KMEM","large_airport","Memphis International Airport",35.043845,-89.97634,341,"NA","US","US-TN","Memphis","yes","KMEM","MEM","KMEM","MEM","https://flymemphis.com/","https://en.wikipedia.org/wiki/Memphis_International_Airport",
3676,"KMER","medium_airport","Castle Airport",37.38050079,-120.5680008,191,"NA","US","US-CA","Merced","no","KMER","MER","KMER","MER",,"https://en.wikipedia.org/wiki/Castle_Airport",
3677,"KMFD","medium_airport","Mansfield Lahm Regional Airport",40.82139968869999,-82.5166015625,1297,"NA","US","US-OH","Mansfield","no","KMFD","MFD","KMFD","MFD","http://www.ci.mansfield.oh.us/index.php/lahm-airport","https://en.wikipedia.org/wiki/Mansfield_Lahm_Regional_Airport",
3678,"KMFE","medium_airport","McAllen Miller International Airport",26.176141,-98.237965,107,"NA","US","US-TX","McAllen","yes","KMFE","MFE","KMFE","MFE",,"https://en.wikipedia.org/wiki/McAllen-Miller_International_Airport",
3679,"KMFR","medium_airport","Rogue Valley International-Medford Airport",42.374199,-122.873001,1335,"NA","US","US-OR","Medford","yes","KMFR","MFR","KMFR","MFR","https://flymfr.com","https://en.wikipedia.org/wiki/Rogue_Valley_International-Medford_Airport",
20498,"KMGC","medium_airport","Michigan City Municipal Airport",41.7033,-86.821198,655,"NA","US","US-IN","Michigan City","yes","KMGC","MGC","KMGC","MGC","http://www.emichigancity.com/cityhall/departments/airport/index.htm","https://en.wikipedia.org/wiki/Michigan_City_Municipal_Airport","Phillips Field"
3680,"KMGE","medium_airport","Dobbins Air Reserve Base",33.915401,-84.516296,1068,"NA","US","US-GA","Marietta","no","KMGE","MGE","KMGE","MGE","http://www.dobbins.afrc.af.mil/","https://en.wikipedia.org/wiki/Dobbins_Air_Reserve_Base","Rickenbacker Field, Marietta AAF, Marietta AFB, Dobbins AFB"
3681,"KMGM","medium_airport","Montgomery Regional (Dannelly Field) Airport",32.300598,-86.393997,221,"NA","US","US-AL","Montgomery","yes","KMGM","MGM","KMGM","MGM","http://www.flymgm.com/","https://en.wikipedia.org/wiki/Montgomery_Regional_Airport",
3682,"KMGW","medium_airport","Morgantown Municipal Airport Walter L. (Bill) Hart Field",39.643305,-79.917598,1248,"NA","US","US-WV","Morgantown","yes","KMGW","MGW","KMGW","MGW",,"https://en.wikipedia.org/wiki/Morgantown_Municipal_Airport",
3683,"KMHK","medium_airport","Manhattan Regional Airport",39.14099884033203,-96.6707992553711,1057,"NA","US","US-KS","Manhattan","yes","KMHK","MHK","KMHK","MHK",,"https://en.wikipedia.org/wiki/Manhattan_Regional_Airport",
20506,"KMHR","medium_airport","Sacramento Mather Airport",38.554744,-121.297989,98,"NA","US","US-CA","Sacramento","no","KMHR","MHR","KMHR","MHR","http://www.sacramento.aero/mhr/","https://en.wikipedia.org/wiki/Sacramento_Mather_Airport",
3684,"KMHT","medium_airport","Manchester-Boston Regional Airport",42.932598,-71.435699,266,"NA","US","US-NH","Manchester","yes","KMHT","MHT","KMHT","MHT","https://flymanchester.com","https://en.wikipedia.org/wiki/Manchester-Boston_Regional_Airport","Manchester Airport"
20507,"KMHV","medium_airport","Mojave Air &  Space Port",35.056391,-118.145342,2801,"NA","US","US-CA","Mojave","no","KMHV","MHV","KMHV","MHV","https://www.mojaveairport.com/","https://en.wikipedia.org/wiki/Mojave_Air_and_Space_Port","Rutan Field"
3685,"KMIA","large_airport","Miami International Airport",25.796011,-80.289751,8,"NA","US","US-FL","Miami","yes","KMIA","MIA","KMIA","MIA","https://www.miami-airport.com/","https://en.wikipedia.org/wiki/Miami_International_Airport","MFW, South Florida, Wilcox Field, Pan American Field"
3686,"KMIB","medium_airport","Minot Air Force Base",48.4156,-101.358002,1667,"NA","US","US-ND","Minot","no","KMIB","MIB","KMIB","MIB","http://www.minot.af.mil/","https://en.wikipedia.org/wiki/Minot_Air_Force_Base","5th Bomb Wing, 91st Space Wing"
3687,"KMIE","medium_airport","Delaware County Johnson Field",40.242298,-85.395897,937,"NA","US","US-IN","Muncie","no","KMIE","MIE","KMIE","MIE",,"https://en.wikipedia.org/wiki/Delaware_County_Airport",
3688,"KMIV","medium_airport","Millville Municipal Airport",39.367802,-75.072197,85,"NA","US","US-NJ","Millville","no","KMIV","MIV","KMIV","MIV",,"https://en.wikipedia.org/wiki/Millville_Executive_Airport",
3689,"KMKC","medium_airport","Charles B. Wheeler Downtown Airport",39.123199,-94.592796,759,"NA","US","US-MO","Kansas City","no","KMKC","MKC","KMKC","MKC","https://flymkc.com/","https://en.wikipedia.org/wiki/Charles_B._Wheeler_Downtown_Airport",
3690,"KMKE","large_airport","General Mitchell International Airport",42.947201,-87.896599,723,"NA","US","US-WI","Milwaukee","yes","KMKE","MKE","KMKE","MKE","https://www.mitchellairport.com/","https://en.wikipedia.org/wiki/General_Mitchell_International_Airport",
3691,"KMKG","medium_airport","Muskegon County Airport",43.169498,-86.238197,629,"NA","US","US-MI","Muskegon","yes","KMKG","MKG","KMKG","MKG",,"https://en.wikipedia.org/wiki/Muskegon_County_Airport",
3692,"KMKL","medium_airport","McKellar-Sipes Regional Airport",35.599899,-88.915604,434,"NA","US","US-TN","Jackson","yes","KMKL","MKL","KMKL","MKL","http://mckellarsipes.com/","https://en.wikipedia.org/wiki/McKellar-Sipes_Regional_Airport",
3693,"KMLB","medium_airport","Melbourne Orlando International Airport",28.102009,-80.641088,33,"NA","US","US-FL","Melbourne","yes","KMLB","MLB","KMLB","MLB","https://www.mlbair.com/","https://en.wikipedia.org/wiki/Melbourne_International_Airport",
3694,"KMLC","medium_airport","Mc Alester Regional Airport",34.882401,-95.783501,770,"NA","US","US-OK","Mc Alester","no","KMLC","MLC","KMLC","MLC",,"https://en.wikipedia.org/wiki/McAlester_Regional_Airport",
3695,"KMLI","medium_airport","Quad City International Airport",41.448502,-90.5075,590,"NA","US","US-IL","Moline","yes","KMLI","MLI","KMLI","MLI",,"https://en.wikipedia.org/wiki/Quad_City_International_Airport",
3696,"KMLS","medium_airport","Miles City Airport - Frank Wiley Field",46.427268,-105.885372,2630,"NA","US","US-MT","Miles City","no","KMLS","MLS","KMLS","MLS",,"https://en.wikipedia.org/wiki/Miles_City_Municipal_Airport",
3697,"KMLU","medium_airport","Monroe Regional Airport",32.510899,-92.037697,79,"NA","US","US-LA","Monroe","yes","KMLU","MLU","KMLU","MLU",,"https://en.wikipedia.org/wiki/Monroe_Regional_Airport",
20532,"KMMT","medium_airport","Mc Entire Joint National Guard Base",33.92079926,-80.80130005,254,"NA","US","US-SC","Eastover","no","KMMT","MMT","KMMT","MMT",,"https://en.wikipedia.org/wiki/McEntire_Joint_National_Guard_Base",
3698,"KMMU","medium_airport","Morristown Municipal Airport",40.799062,-74.414949,187,"NA","US","US-NJ","Morristown","no","KMMU","MMU","KMMU","MMU",,"https://en.wikipedia.org/wiki/Morristown_Municipal_Airport","Manhattan, New York City, NYC"
3699,"KMMV","medium_airport","McMinnville Municipal Airport",45.194401,-123.136002,163,"NA","US","US-OR","McMinnville","no","KMMV",,"KMMV","MMV",,"https://en.wikipedia.org/wiki/McMinnville_Municipal_Airport",
3700,"KMOB","medium_airport","Mobile Regional Airport",30.6912,-88.242798,219,"NA","US","US-AL","Mobile","yes","KMOB","MOB","KMOB","MOB","http://www.mobairport.com/","https://en.wikipedia.org/wiki/Mobile_Regional_Airport",
3701,"KMOD","medium_airport","Modesto City Co-Harry Sham Field",37.625801,-120.954002,97,"NA","US","US-CA","Modesto","no","KMOD","MOD","KMOD","MOD",,"https://en.wikipedia.org/wiki/Modesto_City-County_Airport",
3702,"KMOT","medium_airport","Minot International Airport",48.25801,-101.279123,1716,"NA","US","US-ND","Minot","yes","KMOT","MOT","KMOT","MOT",,"https://en.wikipedia.org/wiki/Minot_International_Airport",
20551,"KMPV","medium_airport","Edward F Knapp State Airport",44.20349884,-72.56230164,1166,"NA","US","US-VT","Barre/Montpelier","no","KMPV","MPV","KMPV","MPV",,"https://en.wikipedia.org/wiki/Edward_F._Knapp_State_Airport",
3703,"KMQY","medium_airport","Smyrna Airport",36.0089988708,-86.5201034546,543,"NA","US","US-TN","Smyrna","no","KMQY","MQY","KMQY","MQY","http://www.smyrnaairport.com/","https://en.wikipedia.org/wiki/Smyrna_Airport_(Tennessee)","Sewart AFB"
3704,"KMRB","medium_airport","Eastern WV Regional Airport/Shepherd Field",39.40190125,-77.98459625,565,"NA","US","US-WV","Martinsburg","no","KMRB","MRB","KMRB","MRB","http://www.wvairport.org/","https://en.wikipedia.org/wiki/Eastern_WV_Regional_Airport",
3705,"KMRY","medium_airport","Monterey Regional Airport",36.586777,-121.844183,257,"NA","US","US-CA","Monterey","yes","KMRY","MRY","KMRY","MRY","https://montereyairport.com","https://en.wikipedia.org/wiki/Monterey_Peninsula_Airport","Monterey Peninsula Airport"
3706,"KMSL","medium_airport","Northwest Alabama Regional Airport",34.745123,-87.612981,551,"NA","US","US-AL","Muscle Shoals","yes","KMSL","MSL","KMSL","MSL",,"https://en.wikipedia.org/wiki/Northwest_Alabama_Regional_Airport",
3707,"KMSN","medium_airport","Dane County Regional Truax Field",43.1399,-89.337502,887,"NA","US","US-WI","Madison","yes","KMSN","MSN","KMSN","MSN",,"https://en.wikipedia.org/wiki/Dane_County_Regional_Airport",
3708,"KMSO","medium_airport","Missoula Montana Airport",46.915816,-114.091107,3206,"NA","US","US-MT","Missoula","yes","KMSO","MSO","KMSO","MSO","https://flymissoula.com","https://en.wikipedia.org/wiki/Missoula_International_Airport",
3709,"KMSP","large_airport","Minneapolis–Saint Paul International Airport / Wold–Chamberlain Field",44.880081,-93.221741,841,"NA","US","US-MN","Minneapolis","yes","KMSP","MSP","KMSP","MSP","https://www.mspairport.com/","https://en.wikipedia.org/wiki/Minneapolis–Saint_Paul_International_Airport",
3710,"KMSS","medium_airport","Massena International Airport Richards Field",44.936157,-74.844304,215,"NA","US","US-NY","Massena","yes","KMSS","MSS","KMSS","MSS","http://www.massenaworks.com/town/airport.asp","https://en.wikipedia.org/wiki/Massena_International_Airport",
3711,"KMSY","large_airport","Louis Armstrong New Orleans International Airport",29.993401,-90.264673,4,"NA","US","US-LA","New Orleans","yes","KMSY","MSY","KMSY","MSY","https://flymsy.com/","https://en.wikipedia.org/wiki/Louis_Armstrong_New_Orleans_International_Airport",
3712,"KMTC","medium_airport","Selfridge Air National Guard Base Airport",42.613463,-82.836919,580,"NA","US","US-MI","Mount Clemens","no","KMTC","MTC","KMTC","MTC",,"https://en.wikipedia.org/wiki/Selfridge_Air_National_Guard_Base",
20564,"KMTH","medium_airport","Florida Keys Marathon International Airport",24.726006,-81.05138,5,"NA","US","US-FL","Marathon","no","KMTH","MTH","KMTH","MTH","https://www.monroecounty-fl.gov/109/Florida-Keys-Marathon-International-Airp","https://en.wikipedia.org/wiki/Florida_Keys_Marathon_Airport",
20565,"KMTJ","medium_airport","Montrose Regional Airport",38.5098,-107.893997,5759,"NA","US","US-CO","Montrose","yes","KMTJ","MTJ","KMTJ","MTJ","https://montroseairport.com/","https://en.wikipedia.org/wiki/Montrose_Regional_Airport",
3713,"KMTN","medium_airport","Martin State Airport",39.325699,-76.413803,21,"NA","US","US-MD","Baltimore","no","KMTN","MTN","KMTN","MTN",,"https://en.wikipedia.org/wiki/Martin_State_Airport",
3714,"KMUI","medium_airport","Muir Army Air Field (Fort Indiantown Gap) Airport",40.435214,-76.568661,488,"NA","US","US-PA","Fort Indiantown Gap(Annville)","no","KMUI","MUI","KMUI","MUI",,"https://en.wikipedia.org/wiki/Muir_Army_Airfield",
3715,"KMUO","medium_airport","Mountain Home Air Force Base",43.043598,-115.872002,2996,"NA","US","US-ID","Mountain Home","no","KMUO","MUO","KMUO","MUO","http://www.mountainhome.af.mil/","https://en.wikipedia.org/wiki/Mountain_Home_Air_Force_Base",
20579,"KMWA","medium_airport","Veterans Airport of Southern Illinois",37.751208,-89.016568,472,"NA","US","US-IL","Marion","yes","KMWA","MWA","KMWA","MWA",,"https://en.wikipedia.org/wiki/Veterans_Airport_of_Southern_Illinois","Williamson County Regional Airport"
20581,"KMWH","medium_airport","Grant County International Airport",47.20769882,-119.3199997,1189,"NA","US","US-WA","Moses Lake","no","KMWH","MWH","KMWH","MWH","http://www.portofmoseslake.com/the-center-of-washington-aviation/","https://en.wikipedia.org/wiki/Grant_County_International_Airport","LRN, Larson AFB, Moses Lake AFB, Moses Lake AAB"
20583,"KMWL","medium_airport","Mineral Wells Regional Airport",32.781601,-98.060204,974,"NA","US","US-TX","Mineral Wells","yes","KMWL","MWL","KMWL","MWL","http://www.mineralwellsairport.com/","https://en.wikipedia.org/wiki/Mineral_Wells_Airport","CWO, Fort Wolters AAF."
3716,"KMXF","medium_airport","Maxwell Air Force Base",32.3829,-86.365799,171,"NA","US","US-AL","Montgomery","no","KMXF","MXF","KMXF","MXF",,"https://en.wikipedia.org/wiki/Maxwell_Air_Force_Base",
20591,"KMYL","medium_airport","McCall Municipal Airport",44.888837,-116.101112,5024,"NA","US","US-ID","McCall","yes","KMYL","MYL","KMYL","MYL","http://www.mccall.id.us/services/airport.html","https://en.wikipedia.org/wiki/McCall_Municipal_Airport",
3717,"KMYR","large_airport","Myrtle Beach International Airport",33.679699,-78.928299,25,"NA","US","US-SC","Myrtle Beach","yes","KMYR","MYR","KMYR","MYR","https://www.flymyrtlebeach.com","https://en.wikipedia.org/wiki/Myrtle_Beach_International_Airport",
3718,"KMYV","medium_airport","Yuba County Airport",39.09780121,-121.5699997,64,"NA","US","US-CA","Marysville","no","KMYV","MYV","KMYV","MYV","http://www.yubacoairport.com/","https://en.wikipedia.org/wiki/Yuba_County_Airport","Marysville AAF"
3719,"KNBC","medium_airport","Beaufort MCAS - Merritt Field",32.4774017334,-80.723197937,37,"NA","US","US-SC","Beaufort","no",,,"KNBC","NBC",,"https://en.wikipedia.org/wiki/Marine_Corps_Air_Station_Beaufort","BFT"
3720,"KNBG","medium_airport","New Orleans NAS JRB/Alvin Callender Field",29.82530022,-90.03500366,2,"NA","US","US-LA","New Orleans","no","KNBG","NBG","KNBG","NBG",,"https://en.wikipedia.org/wiki/Naval_Air_Station_Joint_Reserve_Base_New_Orleans",
3721,"KNCA","medium_airport","MCAS New River / McCutcheon Field",34.708401,-77.439697,26,"NA","US","US-NC","Jacksonville","no","KNCA",,"KNCA","NCA",,"https://en.wikipedia.org/wiki/Marine_Corps_Air_Station_New_River","New River MCAS"
20634,"KNDZ","medium_airport","Whiting Field Naval Air Station South Airport",30.704399,-87.023003,177,"NA","US","US-FL","Milton","no",,,"KNDZ","NDZ",,"https://en.wikipedia.org/wiki/Naval_Air_Station_Whiting_Field_%E2%80%93_South",
3722,"KNEL","medium_airport","Lakehurst Maxfield Field Airport",40.03329849,-74.353302,101,"NA","US","US-NJ","Lakehurst","no","KNEL","NEL","KNEL","NEL",,"https://en.wikipedia.org/wiki/Naval_Air_Engineering_Station_Lakehurst","Maxfield Field, Hindenburg, Lakehurst NAES, Lakehurst Naval Air Engineering Station"
3723,"KNEW","medium_airport","Lakefront Airport",30.042400360107,-90.028297424316,8,"NA","US","US-LA","New Orleans","no","KNEW","NEW","KNEW","NEW","http://www.lakefrontairport.com/","https://en.wikipedia.org/wiki/New_Orleans_Lakefront_Airport",
3724,"KNFG","medium_airport","Camp Pendleton MCAS (Munn Field) Airport",33.30130005,-117.3550034,78,"NA","US","US-CA","Oceanside","no",,,"KNFG","NFG",,"https://en.wikipedia.org/wiki/Marine_Corps_Air_Station_Camp_Pendleton","Camp Pendleton MCAS"
3725,"KNFL","medium_airport","Fallon Naval Air Station",39.41659927,-118.7009964,3934,"NA","US","US-NV","Fallon","no","KNFL","NFL","KNFL","NFL","http://www.cnic.navy.mil/regions/cnrsw/installations/nas_fallon.html","https://en.wikipedia.org/wiki/Naval_Air_Station_Fallon","Van Voorhis Field, Fallon NAS"
20639,"KNFW","medium_airport","NAS Fort Worth JRB / Carswell Field",32.769199,-97.441498,650,"NA","US","US-TX","Fort Worth","no","KNFW","FWH","KNFW","NFW","http://www.cnic.navy.mil/regions/cnrse/installations/nas_jrb_fort_worth.html","https://en.wikipedia.org/wiki/Naval_Air_Station_Joint_Reserve_Base_Fort_Worth","Carswell AFB, Tarrant Field"
3726,"KNGP","medium_airport","Naval Air Station Corpus Christi Truax Field",27.6926,-97.2911,18,"NA","US","US-TX","Corpus Christi","no","KNGP","NGP","KNGP","NGP","https://cnrse.cnic.navy.mil/Installations/NAS-Corpus-Christi/","https://en.wikipedia.org/wiki/Naval_Air_Station_Corpus_Christi",
3727,"KNGU","medium_airport","Norfolk Naval Station (Chambers Field)",36.937599,-76.289299,17,"NA","US","US-VA","Norfolk","no","KNGU","NGU","KNGU","NGU",,"https://en.wikipedia.org/wiki/Naval_Station_Norfolk",
3728,"KNHK","medium_airport","Patuxent River Naval Air Station (Trapnell Field)",38.285999,-76.411797,39,"NA","US","US-MD","Patuxent River","no","KNHK","NHK","KNHK","NHK",,"https://en.wikipedia.org/wiki/Naval_Air_Station_Patuxent_River",
20643,"KNID","medium_airport","China Lake Naws (Armitage Field) Airport",35.6853981,-117.6920013,2283,"NA","US","US-CA","China Lake","no",,,"KNID","NID",,"https://en.wikipedia.org/wiki/Naval_Air_Weapons_Station_China_Lake",
3730,"KNIP","medium_airport","Jacksonville Naval Air Station (Towers Field)",30.2358,-81.680603,21,"NA","US","US-FL","Jacksonville","no","KNIP","NIP","KNIP","NIP",,"https://en.wikipedia.org/wiki/Naval_Air_Station_Jacksonville",
3731,"KNJK","medium_airport","El Centro NAF Airport (Vraciu Field)",32.829201,-115.671996,-42,"NA","US","US-CA","El Centro","no","KNJK","NJK","KNJK","NJK","https://www.cnic.navy.mil/regions/cnrsw/installations/naf_el_centro.html","https://en.wikipedia.org/wiki/Naval_Air_Facility_El_Centro","Naval Air Facility El Centro, MCAS El Centro"
3732,"KNKT","medium_airport","Cherry Point MCAS / Cunningham Field/",34.900902,-76.880699,29,"NA","US","US-NC","Cherry Point","no","KNKT",,"KNKT","NKT",,"https://en.wikipedia.org/wiki/Marine_Corps_Air_Station_Cherry_Point","Cherry Point MCAS"
3733,"KNKX","medium_airport","Miramar Marine Corps Air Station - Mitscher Field",32.86840057,-117.1429977,477,"NA","US","US-CA","San Diego","no","KNKX","NKX","KNKX","NKX","http://www.miramar.marines.mil/","https://en.wikipedia.org/wiki/Marine_Corps_Air_Station_Miramar","Miramar MCAS"
20647,"KNLC","medium_airport","Lemoore Naval Air Station (Reeves Field) Airport",36.33300018,-119.9520035,232,"NA","US","US-CA","Lemoore","no","KNLC","NLC","KNLC","NLC","http://www.cnic.navy.mil/regions/cnrsw/installations/nas_lemoore.html","https://en.wikipedia.org/wiki/Naval_Air_Station_Lemoore",
3734,"KNMM","medium_airport","Naval Air Station Meridian / McCain Field",32.5531,-88.55406,316,"NA","US","US-MS","Lauderdale","no",,,"KNMM","NMM",,"https://en.wikipedia.org/wiki/Naval_Air_Station_Meridian",
3735,"KNPA","medium_airport","Naval Air Station Pensacola Forrest Sherman Field",30.352699,-87.318604,28,"NA","US","US-FL","Pensacola","no","KNPA","NPA","KNPA","NPA","http://www.cnic.navy.mil/regions/cnrse/installations/nas_pensacola.html","https://en.wikipedia.org/wiki/Naval_Air_Station_Pensacola","NAS, KNAS"
3736,"KNQA","medium_airport","Millington-Memphis Airport",35.356701,-89.8703,320,"NA","US","US-TN","Millington","no","KNQA","NQA","KNQA","NQA","https://millingtonairport.com/","https://en.wikipedia.org/wiki/Millington-Memphis_Airport","Millington Municipal, NAS Memphis, Millington Regional Jetport"
3737,"KNQI","medium_airport","Kingsville Naval Air Station",27.5072002411,-97.8097000122,50,"NA","US","US-TX","Kingsville","no","KNQI","NQI","KNQI","NQI","http://www.cnic.navy.mil/regions/cnrse/installations/nas_kingsville.html","https://en.wikipedia.org/wiki/Naval_Air_Station_Kingsville",
3738,"KNQX","medium_airport","Naval Air Station Key West/Boca Chica Field",24.57579994,-81.68890381,6,"NA","US","US-FL","Key West","no","KNQX","NQX","KNQX","NQX","http://www.cnic.navy.mil/regions/cnrse/installations/nas_key_west.html","https://en.wikipedia.org/wiki/Naval_Air_Station_Key_West",
20652,"KNRB","medium_airport","Naval Station Mayport / Admiral David L McDonald Field",30.3911,-81.424698,15,"NA","US","US-FL","Jacksonville","no","KNRB","NRB","KNRB","NRB","http://www.cnic.navy.mil/regions/cnrse/installations/ns_mayport.html","https://en.wikipedia.org/wiki/Naval_Station_Mayport",
20656,"KNSE","medium_airport","Whiting Field Naval Air Station - North",30.7241993,-87.02189636,199,"NA","US","US-FL","Milton","no","KNSE","NSE","KNSE","NSE",,"https://en.wikipedia.org/wiki/Naval_Air_Station_Whiting_Field_%E2%80%93_North",
3739,"KNTD","medium_airport","Point Mugu Naval Air Station (Naval Base Ventura Co)",34.120300293,-119.121002197,13,"NA","US","US-CA","Point Mugu","no","KNTD","NTD","KNTD","NTD",,"https://en.wikipedia.org/wiki/Naval_Air_Station_Point_Mugu",
3740,"KNTU","medium_airport","Oceana Naval Air Station",36.820702,-76.033501,23,"NA","US","US-VA","Virginia Beach","no","KNTU","NTU","KNTU","NTU",,"https://en.wikipedia.org/wiki/Naval_Air_Station_Oceana","Apollo Soucek Field"
3741,"KNUQ","medium_airport","Moffett Federal Airfield",37.4161,-122.049004,32,"NA","US","US-CA","Mountain View","no","KNUQ","NUQ","KNUQ","NUQ",,"https://en.wikipedia.org/wiki/Moffett_Federal_Airfield",
20661,"KNUW","medium_airport","Whidbey Island Naval Air Station (Ault Field)",48.351799,-122.655998,47,"NA","US","US-WA","Oak Harbor","no","KNUW","NUW","KNUW","NUW",,"https://en.wikipedia.org/wiki/Naval_Air_Station_Whidbey_Island",
20666,"KNXP","medium_airport","Twentynine Palms Strategic Expeditionary Landing Field",34.2962,-116.162003,2051,"NA","US","US-CA","Twentynine Palms","no",,,"KNXP","NXP",,"https://en.wikipedia.org/wiki/Twentynine_Palms_Strategic_Expeditionary_Landing_Field",
20669,"KNYG","medium_airport","Quantico Marine Corps Airfield / Turner Field",38.501701,-77.305298,10,"NA","US","US-VA","Quantico","no","KNYG","NYG","KNYG","NYG",,"https://en.wikipedia.org/wiki/Marine_Corps_Air_Facility_Quantico",
3961,"KNYL","medium_airport","Yuma International Airport / Marine Corps Air Station Yuma",32.650938,-114.609375,213,"NA","US","US-AZ","Yuma","yes","KNYL","YUM","KNYL","NYL",,"https://en.wikipedia.org/wiki/Yuma_International_Airport","Yuma MCAS, Yuma Marine Corps Air Station, Formerly KYUM"
3743,"KNZY","medium_airport","North Island Naval Air Station-Halsey Field",32.69919968,-117.2149963,26,"NA","US","US-CA","San Diego","no","KNZY","NZY","KNZY","NZY",,"https://en.wikipedia.org/wiki/Naval_Air_Station_North_Island",
20709,"KOAJ","medium_airport","Albert J Ellis Airport",34.829201,-77.612099,94,"NA","US","US-NC","Richlands","yes","KOAJ","OAJ","KOAJ","OAJ","https://flyoaj.com/","https://en.wikipedia.org/wiki/Albert_J._Ellis_Airport",
3744,"KOAK","large_airport","San Francisco Bay Oakland International Airport",37.720085,-122.221184,9,"NA","US","US-CA","Oakland","yes","KOAK","OAK","KOAK","OAK","https://www.iflyoak.com/","https://en.wikipedia.org/wiki/Oakland_International_Airport","Metro Oakland International"
3745,"KOFF","medium_airport","Offutt Air Force Base",41.119307,-95.90851,1052,"NA","US","US-NE","Omaha","no","KOFF","OFF","KOFF","OFF","http://www.offutt.af.mil/","https://en.wikipedia.org/wiki/Offutt_Air_Force_Base",
20722,"KOFK","medium_airport","Karl Stefan Memorial Airport",41.985500335693,-97.435096740723,1573,"NA","US","US-NE","Norfolk","no","KOFK","OFK","KOFK","OFK","http://www.norfolkairportservices.com/default.htm","https://en.wikipedia.org/wiki/Norfolk_Regional_Airport",
20725,"KOGB","medium_airport","Orangeburg Municipal Airport",33.456798553467,-80.859497070312,195,"NA","US","US-SC","Orangeburg","no","KOGB","OGB","KOGB","OGB","http://www.orangeburg.sc.us/index.php?option=com_content&view=article&id=18&Itemid=69","https://en.wikipedia.org/wiki/Orangeburg_Municipal_Airport",
3746,"KOGD","medium_airport","Ogden Hinckley Airport",41.195899963379,-112.0120010376,4473,"NA","US","US-UT","Ogden","yes","KOGD","OGD","KOGD","OGD","http://flyogden.com/","https://en.wikipedia.org/wiki/Ogden-Hinckley_Airport",
20727,"KOGS","medium_airport","Ogdensburg International Airport",44.6819,-75.4655,297,"NA","US","US-NY","Ogdensburg","yes","KOGS","OGS","KOGS","OGS","https://ogsair.com/","https://en.wikipedia.org/wiki/Ogdensburg_International_Airport",
20732,"KOKB","medium_airport","Oceanside Municipal Airport",33.217947,-117.351683,28,"NA","US","US-CA","Oceanside","no","KOKB","OCN","KOKB","OKB","https://www.oceansidemunicipalairport.com/","https://en.wikipedia.org/wiki/Oceanside_Municipal_Airport","Bob Maxwell Field"
3747,"KOKC","large_airport","OKC Will Rogers World Airport",35.393388,-97.598248,1295,"NA","US","US-OK","Oklahoma City","yes","KOKC","OKC","KOKC","OKC","https://flyokc.com/","https://en.wikipedia.org/wiki/Will_Rogers_World_Airport",
20739,"KOLF","medium_airport","L M Clayton Airport",48.094501,-105.574997,1986,"NA","US","US-MT","Wolf Point","yes","KOLF","OLF","KOLF","OLF",,"https://en.wikipedia.org/wiki/L._M._Clayton_Airport",
3749,"KOLM","medium_airport","Olympia Regional Airport",46.969399,-122.903,209,"NA","US","US-WA","Olympia","yes","KOLM","OLM","KOLM","OLM",,"https://en.wikipedia.org/wiki/Olympia_Airport",
20741,"KOLS","medium_airport","Nogales International Airport",31.4177,-110.848,3955,"NA","US","US-AZ","Nogales","no","KOLS","OLS","KOLS","OLS",,"https://en.wikipedia.org/wiki/Nogales_International_Airport",
3750,"KOLU","medium_airport","Columbus Municipal Airport",41.448145,-97.340174,1447,"NA","US","US-NE","Columbus","no","KOLU","OLU","KOLU","OLU",,"https://en.wikipedia.org/wiki/Columbus_Municipal_Airport_(Nebraska)",
3751,"KOMA","large_airport","Eppley Airfield",41.3032,-95.894096,984,"NA","US","US-NE","Omaha","yes","KOMA","OMA","KOMA","OMA","https://www.flyoma.com","https://en.wikipedia.org/wiki/Eppley_Airfield",
20751,"KONO","medium_airport","Ontario Municipal Airport",44.0198,-117.013289,2193,"NA","US","US-OR","Oregon","no","KONO","ONO","KONO","ONO","https://www.ontariooregon.org/airport.html","https://en.wikipedia.org/wiki/Ontario_Municipal_Airport",
20752,"KONP","medium_airport","Newport Municipal Airport",44.580399,-124.057999,160,"NA","US","US-OR","Newport","no","KONP","ONP","KONP","ONP",,"https://en.wikipedia.org/wiki/Newport_Municipal_Airport_(Oregon)",
3752,"KONT","large_airport","Ontario International Airport",34.056,-117.600998,944,"NA","US","US-CA","Ontario","yes","KONT","ONT","KONT","ONT","https://www.flyontario.com/","https://en.wikipedia.org/wiki/LA/Ontario_International_Airport",
20757,"KOPF","medium_airport","Miami-Opa Locka Executive Airport",25.907,-80.278397,8,"NA","US","US-FL","Miami","yes","KOPF","OPF","KOPF","OPF","http://www.miami-airport.com/html/opalocka.html","https://en.wikipedia.org/wiki/Miami-Opa_Locka_Executive_Airport",
3753,"KOQU","medium_airport","Quonset State Airport",41.597099304199,-71.412101745605,18,"NA","US","US-RI","North Kingstown","no","KOQU","NCO","KOQU","OQU",,"https://en.wikipedia.org/wiki/Quonset_State_Airport","Quonset Point NAS"
3754,"KORD","large_airport","Chicago O'Hare International Airport",41.9786,-87.9048,680,"NA","US","US-IL","Chicago","yes","KORD","ORD","KORD","ORD","https://www.flychicago.com/ohare/home/pages/default.aspx","https://en.wikipedia.org/wiki/O'Hare_International_Airport","CHI, Orchard Place"
3755,"KORF","large_airport","Norfolk International Airport",36.895341,-76.201,26,"NA","US","US-VA","Norfolk","yes","KORF","ORF","KORF","ORF","https://www.norfolkairport.com/","https://en.wikipedia.org/wiki/Norfolk_International_Airport",
3756,"KORH","medium_airport","Worcester Regional Airport",42.2673,-71.875702,1009,"NA","US","US-MA","Worcester","yes","KORH","ORH","KORH","ORH",,"https://en.wikipedia.org/wiki/Worcester-Metrowest-Boston_Airport",
20765,"KORL","medium_airport","Orlando Executive Airport",28.5455,-81.332901,113,"NA","US","US-FL","Orlando","no","KORL","ORL","KORL","ORL",,"https://en.wikipedia.org/wiki/Orlando_Executive_Airport","Herndon Airport, Orlando Executive Airport, KORL, ORL, Orlando Municipal Airport, Orlando Army Air Base, Orlando Air Force Base, Naval Training Center Orlando"
23952,"KORS","medium_airport","Orcas Island Airport",48.708199,-122.910004,31,"NA","US","US-WA","Eastsound","yes","KORS","ESD","KORS","ORS","http://www.portoforcas.com/","https://en.wikipedia.org/wiki/Orcas_Island_Airport",
3757,"KOSH","medium_airport","Wittman Regional Airport",43.98440170288086,-88.55699920654297,808,"NA","US","US-WI","Oshkosh","no","KOSH","OSH","KOSH","OSH","http://www.wittmanairport.com/","https://en.wikipedia.org/wiki/Wittman_Regional_Airport",
3758,"KOSU","medium_airport","The Ohio State University Airport - Don Scott Field",40.0798,-83.072998,905,"NA","US","US-OH","Columbus","no","KOSU","OSU","KOSU","OSU","https://osuairport.org/","https://en.wikipedia.org/wiki/Ohio_State_University_Airport",
3759,"KOTH","medium_airport","Southwest Oregon Regional Airport",43.41709899902344,-124.24600219726562,17,"NA","US","US-OR","North Bend","yes","KOTH","OTH","KOTH","OTH",,"https://en.wikipedia.org/wiki/Southwest_Oregon_Regional_Airport",
3760,"KOTM","medium_airport","Ottumwa Regional Airport",41.106368,-92.449837,845,"NA","US","US-IA","Ottumwa","no","KOTM","OTM","KOTM","OTM",,"https://en.wikipedia.org/wiki/Ottumwa_Regional_Airport",
3761,"KOWB","medium_airport","Owensboro Daviess County Airport",37.74010086,-87.16680145,407,"NA","US","US-KY","Owensboro","yes","KOWB","OWB","KOWB","OWB",,"https://en.wikipedia.org/wiki/Owensboro-Daviess_County_Regional_Airport",
20777,"KOWD","medium_airport","Norwood Memorial Airport",42.1904983521,-71.1728973389,49,"NA","US","US-MA","Norwood","no","KOWD","OWD","KOWD","OWD","http://www.ci.norwood.ma.us/Airport/Default.htm","https://en.wikipedia.org/wiki/Norwood_Memorial_Airport",
20781,"KOXB","medium_airport","Ocean City Municipal Airport",38.310398,-75.124001,11,"NA","US","US-MD","Ocean City","yes","KOXB","OCE","KOXB","OXB","http://oceancitymd.gov/oc/departments/public-works/airport/","https://en.wikipedia.org/wiki/Ocean_City_Municipal_Airport_(Maryland)",
20785,"KOXR","medium_airport","Oxnard Airport",34.200801849365,-119.20700073242,45,"NA","US","US-CA","Oxnard","no","KOXR","OXR","KOXR","OXR",,"https://en.wikipedia.org/wiki/Oxnard_Airport",
3762,"KOZR","medium_airport","Cairns AAF (Fort Rucker) Air Field",31.27569962,-85.71340179,301,"NA","US","US-AL","Fort Rucker/Ozark","no","KOZR","OZR","KOZR","OZR",,"https://en.wikipedia.org/wiki/Cairns_Army_Airfield",
3763,"KPAE","medium_airport","Seattle Paine Field International Airport",47.9063,-122.281998,606,"NA","US","US-WA","Everett","yes","KPAE","PAE","KPAE","PAE","https://painefield.com","https://en.wikipedia.org/wiki/Paine_Field","Snohomish County, Snohomish County Airport, Paine Field"
3764,"KPAH","medium_airport","Barkley Regional Airport",37.06079864501953,-88.7738037109375,410,"NA","US","US-KY","Paducah","yes","KPAH","PAH","KPAH","PAH",,"https://en.wikipedia.org/wiki/Barkley_Regional_Airport",
3765,"KPAM","medium_airport","Tyndall Air Force Base",30.069599,-85.575401,17,"NA","US","US-FL","Panama City","no","KPAM","PAM","KPAM","PAM","http://www.tyndall.af.mil/","https://en.wikipedia.org/wiki/Tyndall_Air_Force_Base",
20805,"KPAO","medium_airport","Palo Alto Airport",37.461102,-122.114998,4,"NA","US","US-CA","Palo Alto","no","KPAO","PAO","KPAO","PAO","https://www.cityofpaloalto.org/Departments/Public-Works/Palo-Alto-Airport","https://en.wikipedia.org/wiki/Palo_Alto_Airport_of_Santa_Clara_County","Santa Clara County"
20807,"KPBF","medium_airport","Pine Bluff Regional Airport, Grider Field",34.174121,-91.935643,206,"NA","US","US-AR","Pine Bluff","no","KPBF","PBF","KPBF","PBF","http://www.pbaviation.com","https://en.wikipedia.org/wiki/Grider_Field",
20808,"KPBG","medium_airport","Plattsburgh International Airport",44.650902,-73.468102,234,"NA","US","US-NY","Plattsburgh","yes","KPBG","PBG","KPBG","PBG","http://www.plattsburghinternationalairport.com/","https://en.wikipedia.org/wiki/Plattsburgh_International_Airport","Plattsburgh Air Force Base"
3766,"KPBI","large_airport","Palm Beach International Airport",26.683201,-80.095596,19,"NA","US","US-FL","West Palm Beach","yes","KPBI","PBI","KPBI","PBI","https://www.pbia.org/","https://en.wikipedia.org/wiki/Palm_Beach_International_Airport","MFW, South Florida"
20812,"KPCW","medium_airport","Erie-Ottawa International Airport",41.515647,-82.868328,590,"NA","US","US-OH","Port Clinton","yes",,,"KPCW","PCW","https://www.portclintonairport.com/","https://en.wikipedia.org/wiki/Erie%E2%80%93Ottawa_International_Airport","Carl R Keller Field"
3767,"KPDK","medium_airport","DeKalb Peachtree Airport",33.87633,-84.30213,1003,"NA","US","US-GA","Atlanta","yes","KPDK","PDK","KPDK","PDK","http://web.co.dekalb.ga.us/pdkairport/index.asp","https://en.wikipedia.org/wiki/DeKalb-Peachtree_Airport",
20815,"KPDT","medium_airport","Eastern Oregon Regional Airport at Pendleton",45.695099,-118.841003,1497,"NA","US","US-OR","Pendleton","yes","KPDT","PDT","KPDT","PDT",,"https://en.wikipedia.org/wiki/Eastern_Oregon_Regional_Airport",
3768,"KPDX","large_airport","Portland International Airport",45.588699,-122.598,31,"NA","US","US-OR","Portland","yes","KPDX","PDX","KPDX","PDX","https://www.flypdx.com/","https://en.wikipedia.org/wiki/Portland_International_Airport",
20821,"KPGA","medium_airport","Page Municipal Airport",36.924234,-111.447716,4316,"NA","US","US-AZ","Page","yes","KPGA","PGA","KPGA","PGA",,"https://en.wikipedia.org/wiki/Page_Municipal_Airport",
20822,"KPGD","medium_airport","Punta Gorda Airport",26.9202,-81.990501,26,"NA","US","US-FL","Punta Gorda","yes","KPGD","PGD","KPGD","PGD","http://www.flypgd.com/","https://en.wikipedia.org/wiki/Punta_Gorda_Airport_(Florida)","Charlotte County, Punta Gorda AAF"
20824,"KPGV","medium_airport","Pitt-Greenville Airport",35.635535,-77.384262,26,"NA","US","US-NC","Greenville","yes","KPGV","PGV","KPGV","PGV",,"https://en.wikipedia.org/wiki/Pitt-Greenville_Airport",
3770,"KPHF","medium_airport","Newport News Williamsburg International Airport",37.131901,-76.492996,42,"NA","US","US-VA","Newport News","yes","KPHF","PHF","KPHF","PHF",,"https://en.wikipedia.org/wiki/Newport_News/Williamsburg_International_Airport",
3771,"KPHL","large_airport","Philadelphia International Airport",39.871899,-75.241096,36,"NA","US","US-PA","Philadelphia","yes","KPHL","PHL","KPHL","PHL","http://www.phl.org/","https://en.wikipedia.org/wiki/Philadelphia_International_Airport",
3772,"KPHX","large_airport","Phoenix Sky Harbor International Airport",33.435302,-112.005905,1135,"NA","US","US-AZ","Phoenix","yes","KPHX","PHX","KPHX","PHX","http://phoenix.gov/skyharborairport/","https://en.wikipedia.org/wiki/Phoenix_Sky_Harbor_International_Airport",
3773,"KPIA","medium_airport","General Wayne A. Downing Peoria International Airport",40.663841,-89.692631,660,"NA","US","US-IL","Peoria","yes","KPIA","PIA","KPIA","PIA",,"https://en.wikipedia.org/wiki/General_Wayne_A._Downing_Peoria_International_Airport","Peoria International Airport"
3774,"KPIB","medium_airport","Hattiesburg Laurel Regional Airport",31.4671,-89.337097,298,"NA","US","US-MS","Moselle","yes","KPIB","PIB","KPIB","PIB",,"https://en.wikipedia.org/wiki/Hattiesburg-Laurel_Regional_Airport",
3775,"KPIE","large_airport","St. Petersburg Clearwater International Airport",27.9102,-82.687401,11,"NA","US","US-FL","Pinellas Park","yes","KPIE","PIE","KPIE","PIE",,"https://en.wikipedia.org/wiki/St._Petersburg-Clearwater_International_Airport",
3776,"KPIH","medium_airport","Pocatello Regional Airport",42.9098014831543,-112.59600067138672,4452,"NA","US","US-ID","Pocatello","yes","KPIH","PIH","KPIH","PIH",,"https://en.wikipedia.org/wiki/Pocatello_Regional_Airport",
3777,"KPIR","medium_airport","Pierre Regional Airport",44.38270187,-100.2860031,1744,"NA","US","US-SD","Pierre","yes","KPIR","PIR","KPIR","PIR",,"https://en.wikipedia.org/wiki/Pierre_Regional_Airport",
3778,"KPIT","large_airport","Pittsburgh International Airport",40.491501,-80.232903,1203,"NA","US","US-PA","Pittsburgh","yes","KPIT","PIT","KPIT","PIT","https://flypittsburgh.com/","https://en.wikipedia.org/wiki/Pittsburgh_International_Airport",
3779,"KPKB","medium_airport","Mid Ohio Valley Regional Airport",39.3451,-81.439201,858,"NA","US","US-WV","Parkersburg (Williamstown)","yes","KPKB","PKB","KPKB","PKB",,"https://en.wikipedia.org/wiki/Mid-Ohio_Valley_Regional_Airport",
3781,"KPLN","medium_airport","Pellston Regional Airport of Emmet County Airport",45.57089996,-84.79669952,721,"NA","US","US-MI","Pellston","yes","KPLN","PLN","KPLN","PLN",,"https://en.wikipedia.org/wiki/Pellston_Regional_Airport",
3782,"KPMD","medium_airport","Palmdale Regional Airport / USAF Plant 42 Airport",34.629398,-118.084999,2543,"NA","US","US-CA","Palmdale","no","KPMD","PMD","KPMD","PMD",,"https://en.wikipedia.org/wiki/LA/Palmdale_Regional_Airport",
20848,"KPNA","medium_airport","Ralph Wenz Field",42.79550171,-109.8069992,7102,"NA","US","US-WY","Pinedale","no","KPNA","PWY","KPNA","PNA","http://www.pinedaleonline.com/pinedaleairport.HTM","https://en.wikipedia.org/wiki/Ralph_Wenz_Field",
20849,"KPNC","medium_airport","Ponca City Regional Airport",36.73199844,-97.09980011,1008,"NA","US","US-OK","Ponca City","no","KPNC","PNC","KPNC","PNC","http://www.poncacityok.gov/index.aspx?nid=181","https://en.wikipedia.org/wiki/Ponca_City_Regional_Airport",
20850,"KPNE","medium_airport","Northeast Philadelphia Airport",40.082406,-75.010614,120,"NA","US","US-PA","Philadelphia","no","KPNE","PNE","KPNE","PNE","http://www.phl.org/pne/pne.html","https://en.wikipedia.org/wiki/Northeast_Philadelphia_Airport",
3783,"KPNS","large_airport","Pensacola International Airport",30.472718,-87.186639,121,"NA","US","US-FL","Pensacola","yes","KPNS","PNS","KPNS","PNS","http://www.flypensacola.com/","https://en.wikipedia.org/wiki/Pensacola_Regional_Airport",
3784,"KPOB","medium_airport","Pope Field",35.170898,-79.014503,217,"NA","US","US-NC","Fort Bragg","no","KPOB","POB","KPOB","POB","http://www.pope.af.mil/","https://en.wikipedia.org/wiki/Pope_Field","Pope AFB, Pope Army Airfield"
3785,"KPOE","medium_airport","Polk Army Air Field",31.0447998,-93.1917038,330,"NA","US","US-LA","Fort Polk","no","KPOE","POE","KPOE","POE","http://www.jrtc-polk.army.mil/",,
3786,"KPOU","medium_airport","Dutchess County Airport",41.6265983581543,-73.88420104980469,165,"NA","US","US-NY","Poughkeepsie","no","KPOU","POU","KPOU","POU",,"https://en.wikipedia.org/wiki/Dutchess_County_Airport",
3787,"KPQI","medium_airport","Presque Isle International Airport",46.688999,-68.0448,534,"NA","US","US-ME","Presque Isle","yes","KPQI","PQI","KPQI","PQI","https://flypresqueisle.com","https://en.wikipedia.org/wiki/Presque_Isle_International_Airport","Northern Maine Regional"
3788,"KPRB","medium_airport","Paso Robles Municipal Airport",35.67290115,-120.6269989,840,"NA","US","US-CA","Paso Robles","no","KPRB","PRB","KPRB","PRB","http://www.prcity.com/government/departments/publicworks/airport/","https://en.wikipedia.org/wiki/Paso_Robles_Municipal_Airport",
3789,"KPRC","medium_airport","Prescott Regional Airport - Ernest A. Love Field",34.653502,-112.419883,5045,"NA","US","US-AZ","Prescott","yes","KPRC","PRC","KPRC","PRC",,"https://en.wikipedia.org/wiki/Ernest_A._Love_Field",
3790,"KPRX","medium_airport","Cox Field",33.636600494385,-95.450798034668,547,"NA","US","US-TX","Paris","no","KPRX","PRX","KPRX","PRX",,"https://en.wikipedia.org/wiki/Cox_Field","Cox AAF"
20870,"KPSC","medium_airport","Tri Cities Airport",46.264702,-119.119003,410,"NA","US","US-WA","Pasco","yes","KPSC","PSC","KPSC","PSC",,"https://en.wikipedia.org/wiki/Tri-Cities_Airport_(Washington)",
3791,"KPSM","medium_airport","Portsmouth International Airport at Pease",43.0779,-70.823303,100,"NA","US","US-NH","Portsmouth","yes","KPSM","PSM","KPSM","PSM","https://flypsmairport.com","https://en.wikipedia.org/wiki/Pease_International_Airport",
3792,"KPSP","large_airport","Palm Springs International Airport",33.8297,-116.507004,477,"NA","US","US-CA","Palm Springs","yes","KPSP","PSP","KPSP","PSP","http://www.palmspringsca.gov/index.aspx?page=270","https://en.wikipedia.org/wiki/Palm_Springs_International_Airport","Palm Springs Air Base"
3793,"KPTK","medium_airport","Oakland County International Airport",42.665500640869,-83.420097351074,980,"NA","US","US-MI","Pontiac","no","KPTK","PTK","KPTK","PTK","https://www.oakgov.com/aviation/ocia","https://en.wikipedia.org/wiki/Oakland_County_International_Airport","Pontiac Municipal Airport, Oakland-Pontiac Airport"
3794,"KPUB","medium_airport","Pueblo Memorial Airport",38.289101,-104.497002,4726,"NA","US","US-CO","Pueblo","yes","KPUB","PUB","KPUB","PUB",,"https://en.wikipedia.org/wiki/Pueblo_Memorial_Airport",
20883,"KPUW","medium_airport","Pullman-Moscow Regional Airport",46.741601,-117.11163,2556,"NA","US","US-WA","Pullman","yes","KPUW","PUW","KPUW","PUW","http://www.pullman-wa.gov/airport/","https://en.wikipedia.org/wiki/Pullman-Moscow_Regional_Airport",
3795,"KPVD","large_airport","Rhode Island T. F. Green International Airport",41.725038,-71.425668,55,"NA","US","US-RI","Providence/Warwick","yes","KPVD","PVD","KPVD","PVD","https://flyri.com/","https://en.wikipedia.org/wiki/T._F._Green_Airport",
20890,"KPVU","medium_airport","Provo Municipal Airport",40.218894,-111.722445,4497,"NA","US","US-UT","Provo","yes","KPVU","PVU","KPVU","PVU","https://airport.provo.gov/","https://en.wikipedia.org/wiki/Provo_Municipal_Airport",
20896,"KPWK","medium_airport","Chicago Executive Airport",42.114222,-87.901494,647,"NA","US","US-IL","Chicago/Prospect Heights/Wheeling","no",,"PWK","KPWK","PWK","http://chiexec.com/","https://en.wikipedia.org/wiki/Chicago_Executive_Airport",
3796,"KPWM","large_airport","Portland International Jetport",43.646198,-70.309303,76,"NA","US","US-ME","Portland","yes","KPWM","PWM","KPWM","PWM","https://portlandjetport.org/","https://en.wikipedia.org/wiki/Portland_International_Jetport",
3797,"KPWT","medium_airport","Bremerton National Airport",47.490200042725,-122.76499938965,444,"NA","US","US-WA","Bremerton","no","KPWT","PWT","KPWT","PWT","https://en.wikipedia.org/wiki/Bremerton_National_Airport","https://en.wikipedia.org/wiki/Bremerton_National_Airport",
3837,"KRAL","medium_airport","Riverside Municipal Airport",33.9519,-117.445,819,"NA","US","US-CA","Riverside","no","KRAL","RAL","KRAL","RAL","http://www.riversideca.gov/airport/","https://en.wikipedia.org/wiki/Riverside_Municipal_Airport","Riverside Arlington"
3838,"KRAP","medium_airport","Rapid City Regional Airport",44.0452995300293,-103.05699920654297,3204,"NA","US","US-SD","Rapid City","yes","KRAP","RAP","KRAP","RAP",,"https://en.wikipedia.org/wiki/Rapid_City_Regional_Airport",
3839,"KRBL","medium_airport","Red Bluff Municipal Airport",40.1506996155,-122.251998901,352,"NA","US","US-CA","Red Bluff","no","KRBL","RBL","KRBL","RBL",,"https://en.wikipedia.org/wiki/Red_Bluff_Municipal_Airport",
3840,"KRCA","medium_airport","Ellsworth Air Force Base",44.14500046,-103.1039963,3276,"NA","US","US-SD","Rapid City","no","KRCA","RCA","KRCA","RCA","http://www.ellsworth.af.mil/","https://en.wikipedia.org/wiki/Ellsworth_Air_Force_Base","28th Bomb Wing"
3841,"KRDD","medium_airport","Redding Municipal Airport",40.50899887,-122.2929993,505,"NA","US","US-CA","Redding","yes","KRDD","RDD","KRDD","RDD",,"https://en.wikipedia.org/wiki/Redding_Municipal_Airport",
3842,"KRDG","medium_airport","Reading Regional Airport (Carl A Spaatz Field)",40.378502,-75.965202,344,"NA","US","US-PA","Reading","no","KRDG","RDG","KRDG","RDG",,"https://en.wikipedia.org/wiki/Reading_Regional_Airport",
3843,"KRDM","medium_airport","Roberts Field",44.254101,-121.150002,3080,"NA","US","US-OR","Redmond","yes","KRDM","RDM","KRDM","RDM",,"https://en.wikipedia.org/wiki/Roberts_Field",
20922,"KRDR","medium_airport","Grand Forks Air Force Base",47.961101532,-97.4011993408,913,"NA","US","US-ND","Grand Forks","no","KRDR","RDR","KRDR","RDR","http://www.grandforks.af.mil/","https://en.wikipedia.org/wiki/Grand_Forks_Air_Force_Base",
3844,"KRDU","large_airport","Raleigh-Durham International Airport",35.878659,-78.7873,435,"NA","US","US-NC","Raleigh/Durham","yes","KRDU","RDU","KRDU","RDU","https://www.rdu.com/","https://en.wikipedia.org/wiki/Raleigh-Durham_International_Airport",
3845,"KRFD","medium_airport","Chicago Rockford International Airport",42.1954,-89.097198,742,"NA","US","US-IL","Chicago/Rockford","yes","KRFD","RFD","KRFD","RFD",,"https://en.wikipedia.org/wiki/Chicago/Rockford_International_Airport",
3846,"KRHI","medium_airport","Rhinelander Oneida County Airport",45.63119888305664,-89.46749877929688,1624,"NA","US","US-WI","Rhinelander","yes","KRHI","RHI","KRHI","RHI",,"https://en.wikipedia.org/wiki/Rhinelander-Oneida_County_Airport",
20927,"KRHP","medium_airport","Western Carolina Regional Airport",35.195202,-83.862999,1697,"NA","US","US-NC","Andrews","no",,,"KRHP","RHP","http://www.cherokeecounty-nc.gov/index.aspx?page=61","https://en.wikipedia.org/wiki/Andrews-Murphy_Airport","6A3, Andrews-Murphy Airport"
3847,"KRIC","large_airport","Richmond International Airport",37.505199,-77.319702,167,"NA","US","US-VA","Richmond","yes","KRIC","RIC","KRIC","RIC","https://flyrichmond.com/","https://en.wikipedia.org/wiki/Richmond_International_Airport",
20931,"KRIL","medium_airport","Garfield County Regional Airport",39.526299,-107.726997,5548,"NA","US","US-CO","Rifle","no","KRIL","RIL","KRIL","RIL","http://www.rifleairport.com/","https://en.wikipedia.org/wiki/Garfield_County_Regional_Airport","Rifle Airport"
3849,"KRIV","medium_airport","March Air Reserve Base",33.880699,-117.259003,1536,"NA","US","US-CA","Riverside","no","KRIV","RIV","KRIV","RIV",,"https://en.wikipedia.org/wiki/March_Air_Reserve_Base",
20933,"KRIW","medium_airport","Central Wyoming Regional Airport",43.064201,-108.459999,5525,"NA","US","US-WY","Riverton","yes","KRIW","RIW","KRIW","RIW","https://centralwyomingairport.com/","https://en.wikipedia.org/wiki/Central_Wyoming_Regional_Airport",
20935,"KRKD","medium_airport","Knox County Regional Airport",44.060101,-69.099197,56,"NA","US","US-ME","Rockland","yes","KRKD","RKD","KRKD","RKD",,"https://en.wikipedia.org/wiki/Knox_County_Regional_Airport",
3850,"KRKS","medium_airport","Southwest Wyoming Regional Airport",41.5942,-109.065001,6764,"NA","US","US-WY","Rock Springs","yes","KRKS","RKS","KRKS","RKS",,"https://en.wikipedia.org/wiki/Rock_Springs_-_Sweetwater_County_Airport","Rock Springs Sweetwater County"
20940,"KRME","medium_airport","Griffiss International Airport",43.23379898,-75.40699768,504,"NA","US","US-NY","Rome","no","KRME","RME","KRME","RME","http://www.ocgov.net/oneida/airport","https://en.wikipedia.org/wiki/Griffiss_Airfield",
3851,"KRMG","medium_airport","Richard B Russell Airport",34.3506011963,-85.15799713130001,644,"NA","US","US-GA","Rome","no","KRMG","RMG","KRMG","RMG","http://www.romefloyd.com/EconomicDevelopment/Airport/tabid/306/Default.aspx","https://en.wikipedia.org/wiki/Richard_B._Russell_Airport","Towers Field"
3852,"KRND","medium_airport","Randolph Air Force Base",29.529699,-98.2789,761,"NA","US","US-TX","Universal City","no","KRND","RND","KRND","RND","http://www.military.com/base-guide/randolph-air-force-base","https://en.wikipedia.org/wiki/Randolph_Air_Force_Base",
20944,"KRNH","medium_airport","New Richmond Regional Airport",45.1483,-92.538101,998,"NA","US","US-WI","New Richmond","no","KRNH","RNH","KRNH","RNH",,"https://en.wikipedia.org/wiki/New_Richmond_Regional_Airport",
3853,"KRNO","large_airport","Reno Tahoe International Airport",39.4991,-119.767998,4415,"NA","US","US-NV","Reno","yes","KRNO","RNO","KRNO","RNO","https://www.renoairport.com/","https://en.wikipedia.org/wiki/Reno-Tahoe_International_Airport",
3854,"KROA","medium_airport","Roanoke–Blacksburg Regional Airport",37.3255,-79.975403,1175,"NA","US","US-VA","Roanoke","yes","KROA","ROA","KROA","ROA","http://www.flyroa.com","https://en.wikipedia.org/wiki/Roanoke%E2%80%93Blacksburg_Regional_Airport","Woodrum Field"
3855,"KROC","large_airport","Frederick Douglass Greater Rochester International Airport",43.1189,-77.672401,559,"NA","US","US-NY","Rochester","yes","KROC","ROC","KROC","ROC","https://rocairport.com/","https://en.wikipedia.org/wiki/Greater_Rochester_International_Airport",
3856,"KROW","medium_airport","Roswell Air Center Airport",33.301601,-104.530998,3671,"NA","US","US-NM","Roswell","yes","KROW","ROW","KROW","ROW",,"https://en.wikipedia.org/wiki/Roswell_International_Air_Center","Roswell Army Air Field, Walker Air Force Base"
20962,"KRSL","medium_airport","Russell Municipal Airport",38.872100830078,-98.811798095703,1862,"NA","US","US-KS","Russell","no","KRSL","RSL","KRSL","RSL","http://www.russellcity.org/airport.php",,
3857,"KRST","medium_airport","Rochester International Airport",43.908298,-92.5,1317,"NA","US","US-MN","Rochester","yes","KRST","RST","KRST","RST",,"https://en.wikipedia.org/wiki/Rochester_International_Airport",
3858,"KRSW","large_airport","Southwest Florida International Airport",26.534685,-81.752816,30,"NA","US","US-FL","Fort Myers","yes","KRSW","RSW","KRSW","RSW","http://www.flylcpa.com/","https://en.wikipedia.org/wiki/Southwest_Florida_International_Airport",
3859,"KRUT","medium_airport","Rutland - Southern Vermont Regional Airport",43.5294,-72.9496,787,"NA","US","US-VT","Rutland","yes","KRUT","RUT","KRUT","RUT",,"https://en.wikipedia.org/wiki/Rutland_State_Airport",
20972,"KRVS","medium_airport","Tulsa Riverside Airport",36.0396,-95.984596,638,"NA","US","US-OK","Tulsa","no","KRVS","RVS","KRVS","RVS","http://www.tulsaairports.com/general-aviation/r-l-jones/","https://en.wikipedia.org/wiki/Richard_Lloyd_Jones_Jr._Airport","Riverside Airport, Tulsa"
20973,"KRWF","medium_airport","Redwood Falls Municipal Airport",44.547199,-95.082298,1024,"NA","US","US-MN","Redwood Falls","no","KRWF","RWF","KRWF","RWF",,"https://en.wikipedia.org/wiki/Redwood_Falls_Municipal_Airport",
3860,"KRWI","medium_airport","Rocky Mount Wilson Regional Airport",35.8563,-77.891899,159,"NA","US","US-NC","Rocky Mount","no","KRWI","RWI","KRWI","RWI",,"https://en.wikipedia.org/wiki/Rocky_Mount%E2%80%93Wilson_Regional_Airport",
20974,"KRWL","medium_airport","Rawlins Municipal Airport/Harvey Field",41.80559921,-107.1999969,6813,"NA","US","US-WY","Rawlins","no","KRWL","RWL","KRWL","RWL","http://www.wyomingairports.org/index.php?/main/airports_detail/rawlins_municipal_airport/","https://en.wikipedia.org/wiki/Rawlins_Municipal_Airport",
20981,"KRYY","medium_airport","Cobb County International Airport-McCollum Field",34.01316,-84.59721,1040,"NA","US","US-GA","Atlanta","no",,,"KRYY","RYY",,"https://en.wikipedia.org/wiki/Cobb_County_Airport",
3861,"KSAC","medium_airport","Sacramento Executive Airport",38.5125007629,-121.492996216,24,"NA","US","US-CA","Sacramento","no","KSAC","SAC","KSAC","SAC","http://www.sacramento.aero/sac/","https://en.wikipedia.org/wiki/Sacramento_Executive_Airport","Sutterville Aerodrome, Sacramento Municipal"
21033,"KSAF","medium_airport","Santa Fe Municipal Airport",35.6171,-106.088997,6348,"NA","US","US-NM","Santa Fe","yes","KSAF","SAF","KSAF","SAF","https://flysantafe.com/flights/airlines/","https://en.wikipedia.org/wiki/Santa_Fe_Regional_Airport",
3862,"KSAN","large_airport","San Diego International Airport",32.733601,-117.190002,17,"NA","US","US-CA","San Diego","yes","KSAN","SAN","KSAN","SAN","http://www.san.org/","https://en.wikipedia.org/wiki/San_Diego_International_Airport","Lindbergh Field"
3863,"KSAT","large_airport","San Antonio International Airport",29.533701,-98.469803,809,"NA","US","US-TX","San Antonio","yes","KSAT","SAT","KSAT","SAT","https://www.sanantonio.gov/aviation","https://en.wikipedia.org/wiki/San_Antonio_International_Airport",
3864,"KSAV","large_airport","Savannah Hilton Head International Airport",32.126591,-81.19998,50,"NA","US","US-GA","Savannah","yes","KSAV","SAV","KSAV","SAV","https://savannahairport.com/","https://en.wikipedia.org/wiki/Savannah/Hilton_Head_International_Airport",
3865,"KSAW","medium_airport","Marquette/Sawyer International Airport",46.351498,-87.395884,1221,"NA","US","US-MI","Gwinn","yes","KSAW","MQT","KSAW","SAW","http://www.sawyerairport.com/","https://en.wikipedia.org/wiki/Sawyer_International_Airport",
3866,"KSBA","medium_airport","Santa Barbara Municipal Airport",34.426201,-119.839996,13,"NA","US","US-CA","Santa Barbara","yes","KSBA","SBA","KSBA","SBA",,"https://en.wikipedia.org/wiki/Santa_Barbara_Airport",
3867,"KSBD","large_airport","San Bernardino International Airport",34.096717,-117.236596,1159,"NA","US","US-CA","San Bernardino","yes","KSBD","SBD","KSBD","SBD","http://sbdairport.com/","https://en.wikipedia.org/wiki/San_Bernardino_International_Airport","Norton AFB, San Bernardino Air Depot"
3868,"KSBN","medium_airport","South Bend International Airport",41.708304,-86.316922,799,"NA","US","US-IN","South Bend","yes","KSBN","SBN","KSBN","SBN","https://flysbn.com","https://en.wikipedia.org/wiki/South_Bend_Regional_Airport",
3869,"KSBP","medium_airport","San Luis County Regional Airport",35.236801147499996,-120.641998291,212,"NA","US","US-CA","San Luis Obispo","yes","KSBP","SBP","KSBP","SBP","http://www.sloairport.com/","https://en.wikipedia.org/wiki/San_Luis_Obispo_County_Regional_Airport","SLO Airport"
3870,"KSBY","medium_airport","Salisbury Ocean City Wicomico Regional Airport",38.34049987792969,-75.51029968261719,52,"NA","US","US-MD","Salisbury","yes","KSBY","SBY","KSBY","SBY",,"https://en.wikipedia.org/wiki/Wicomico_Regional_Airport",
3871,"KSCH","medium_airport","Schenectady County Airport",42.852500915527,-73.928901672363,378,"NA","US","US-NY","Schenectady","no","KSCH","SCH","KSCH","SCH","http://www.schenectadycounty.com/FullStory.aspx?m=100&amid=432","https://en.wikipedia.org/wiki/Schenectady_County_Airport",
3872,"KSCK","medium_airport","Stockton Metropolitan Airport",37.893279,-121.238079,33,"NA","US","US-CA","Stockton","yes","KSCK","SCK","KSCK","SCK","http://www.sjgov.org/airport/","https://en.wikipedia.org/wiki/Stockton_Metropolitan_Airport",
3873,"KSDF","large_airport","Louisville Muhammad Ali International Airport",38.1706,-85.735076,501,"NA","US","US-KY","Louisville","yes","KSDF","SDF","KSDF","SDF","http://www.flylouisville.com","https://en.wikipedia.org/wiki/Louisville_International_Airport","Louisville International, Standiford Field"
3874,"KSDM","medium_airport","Brown Field Municipal Airport",32.572639,-116.980019,526,"NA","US","US-CA","San Diego","no","KSDM","SDM","KSDM","SDM","http://www.sandiego.gov/airports/brown/","https://en.wikipedia.org/wiki/Brown_Field_Municipal_Airport",
21046,"KSDY","medium_airport","Sidney - Richland Regional Airport",47.705141,-104.194422,1985,"NA","US","US-MT","Sidney","yes","KSDY","SDY","KSDY","SDY",,"https://en.wikipedia.org/wiki/Sidney%E2%80%93Richland_Municipal_Airport",
3875,"KSEA","large_airport","Seattle–Tacoma International Airport",47.447943,-122.310276,433,"NA","US","US-WA","Seattle","yes","KSEA","SEA","KSEA","SEA","https://www.portseattle.org/sea-tac","https://en.wikipedia.org/wiki/Seattle%E2%80%93Tacoma_International_Airport","Sea-Tac Airport, SeaTac Airport"
3876,"KSFB","large_airport","Orlando Sanford International Airport",28.774277,-81.234626,55,"NA","US","US-FL","Orlando","yes","KSFB","SFB","KSFB","SFB","https://flysfb.com","https://en.wikipedia.org/wiki/Orlando_Sanford_International_Airport",
3877,"KSFF","medium_airport","Felts Field",47.682899,-117.321925,1953,"NA","US","US-WA","Spokane","no","KSFF","SFF","KSFF","SFF","http://feltsfield.spokaneairports.net/","https://en.wikipedia.org/wiki/Felts_Field_Airport","Parkwater Airstrip"
3878,"KSFO","large_airport","San Francisco International Airport",37.619806,-122.374821,13,"NA","US","US-CA","San Francisco","yes","KSFO","SFO","KSFO","SFO","http://www.flysfo.com/","https://en.wikipedia.org/wiki/San_Francisco_International_Airport","QSF, QBA"
3879,"KSGF","medium_airport","Springfield Branson National Airport",37.245047,-93.388596,1268,"NA","US","US-MO","Springfield","yes","KSGF","SGF","KSGF","SGF","https://flyspringfield.com","https://en.wikipedia.org/wiki/Springfield/Branson_National_Airport",
3880,"KSGH","medium_airport","Springfield-Beckley Municipal Airport",39.840301513672,-83.840202331543,1051,"NA","US","US-OH","Springfield","no","KSGH","SGH","KSGH","SGH","http://www.airparkohio.com/beckly_airport.html","https://en.wikipedia.org/wiki/Springfield-Beckley_Municipal_Airport",
21061,"KSGJ","medium_airport","Northeast Florida Regional Airport",29.9592,-81.339798,10,"NA","US","US-FL","St Augustine","yes","KSGJ","UST","KSGJ","SGJ","http://www.flynf.com/","https://en.wikipedia.org/wiki/St._Augustine_Airport","St Augustine Airport, NAAS St. Augustine"
21062,"KSGR","medium_airport","Sugar Land Regional Airport",29.622299194336,-95.65650177002,82,"NA","US","US-TX","Houston","no","KSGR","SGR","KSGR","SGR","http://www.sugarlandtx.gov/index.aspx?nid=1073","https://en.wikipedia.org/wiki/Sugar_Land_Regional_Airport","Hull Field"
21065,"KSGU","medium_airport","St George Regional Airport",37.036389,-113.510306,2941,"NA","US","US-UT","St George","yes","KSGU","SGU","KSGU","SGU","https://www.flysgu.org","https://en.wikipedia.org/wiki/St._George_Regional_Airport","DXZ"
21066,"KSHD","medium_airport","Shenandoah Valley Regional Airport",38.263802,-78.8964,1201,"NA","US","US-VA","Weyers Cave","yes","KSHD","SHD","KSHD","SHD",,"https://en.wikipedia.org/wiki/Shenandoah_Valley_Regional_Airport","Harrisonburg, Staunton, Waynesboro"
3881,"KSHR","medium_airport","Sheridan County Airport",44.76919937133789,-106.9800033569336,4021,"NA","US","US-WY","Sheridan","yes","KSHR","SHR","KSHR","SHR",,"https://en.wikipedia.org/wiki/Sheridan_County_Airport",
3882,"KSHV","medium_airport","Shreveport Regional Airport",32.446602,-93.8256,258,"NA","US","US-LA","Shreveport","yes","KSHV","SHV","KSHV","SHV",,"https://en.wikipedia.org/wiki/Shreveport_Regional_Airport",
3883,"KSJC","large_airport","Norman Y. Mineta San Jose International Airport",37.362452,-121.929188,62,"NA","US","US-CA","San Jose","yes","KSJC","SJC","KSJC","SJC","https://www.flysanjose.com/","https://en.wikipedia.org/wiki/San_Jose_International_Airport",
3884,"KSJT","medium_airport","San Angelo Regional Mathis Field",31.35770034790039,-100.49600219726562,1919,"NA","US","US-TX","San Angelo","yes","KSJT","SJT","KSJT","SJT",,"https://en.wikipedia.org/wiki/San_Angelo_Regional_Airport",
3885,"KSKA","medium_airport","Fairchild Air Force Base",47.615101,-117.655998,2461,"NA","US","US-WA","Spokane","no","KSKA","SKA","KSKA","SKA","http://www.fairchild.af.mil/","https://en.wikipedia.org/wiki/Fairchild_Air_Force_Base",
3886,"KSKF","medium_airport","Lackland Air Force Base",29.38419914,-98.58110046,691,"NA","US","US-TX","San Antonio","no","KSKF","SKF","KSKF","SKF",,"https://en.wikipedia.org/wiki/Lackland_Air_Force_Base","Kelly Field Annex, Lackland AFB"
21076,"KSKX","medium_airport","Taos Regional Airport",36.452494,-105.67749,7095,"NA","US","US-NM","Taos","yes","KSKX","TSM","KSKX","SKX","http://www.taosairport.org/","https://en.wikipedia.org/wiki/Taos_Regional_Airport",
3887,"KSLC","large_airport","Salt Lake City International Airport",40.78886,-111.979866,4227,"NA","US","US-UT","Salt Lake City","yes","KSLC","SLC","KSLC","SLC","https://slcairport.com/","https://en.wikipedia.org/wiki/Salt_Lake_City_International_Airport",
3888,"KSLE","medium_airport","Salem-Willamette Valley Airport/McNary Field",44.9095,-123.002998,214,"NA","US","US-OR","Salem","yes","KSLE","SLE","KSLE","SLE","http://www.flysalem.com/","https://en.wikipedia.org/wiki/McNary_Field","4OR1"
3889,"KSLI","medium_airport","Los Alamitos Army Air Field",33.790864,-118.050342,32,"NA","US","US-CA","Los Alamitos","no","KSLI",,"KSLI","SLI",,"https://en.wikipedia.org/wiki/Los_Alamitos_Army_Airfield",
3890,"KSLK","medium_airport","Adirondack Regional Airport",44.38691,-74.204629,1663,"NA","US","US-NY","Saranac Lake","yes","KSLK","SLK","KSLK","SLK",,"https://en.wikipedia.org/wiki/Adirondack_Regional_Airport",
3891,"KSLN","medium_airport","Salina Municipal Airport",38.79100036621094,-97.6521987915039,1288,"NA","US","US-KS","Salina","yes","KSLN","SLN","KSLN","SLN",,"https://en.wikipedia.org/wiki/Salina_Municipal_Airport",
21085,"KSME","medium_airport","Lake Cumberland Regional Airport",37.053398132299996,-84.6158981323,927,"NA","US","US-KY","Somerset","no","KSME","SME","KSME","SME",,"https://en.wikipedia.org/wiki/Lake_Cumberland_Regional_Airport",
3892,"KSMF","large_airport","Sacramento International Airport",38.6954,-121.591003,27,"NA","US","US-CA","Sacramento","yes","KSMF","SMF","KSMF","SMF","https://sacramento.aero/smf","https://en.wikipedia.org/wiki/Sacramento_International_Airport",
21086,"KSMN","medium_airport","Lemhi County Airport",45.122233,-113.88196,4043,"NA","US","US-ID","Salmon","yes","KSMN","SMN","KSMN","SMN","http://lemhicountyairport.com/","https://en.wikipedia.org/wiki/Lemhi_County_Airport",
21087,"KSMO","medium_airport","Santa Monica Municipal Airport",34.0158,-118.450996,170,"NA","US","US-CA","Santa Monica","no","KSMO","SMO","KSMO","SMO","http://www.smgov.net/departments/airport/","https://en.wikipedia.org/wiki/Santa_Monica_Airport","Clover Field"
3893,"KSMX","medium_airport","Santa Maria Public Airport Captain G Allan Hancock Field",34.898899,-120.457001,261,"NA","US","US-CA","Santa Maria","yes","KSMX","SMX","KSMX","SMX",,"https://en.wikipedia.org/wiki/Santa_Maria_Public_Airport",
3894,"KSNA","large_airport","John Wayne Orange County International Airport",33.675063,-117.869281,56,"NA","US","US-CA","Santa Ana","yes","KSNA","SNA","KSNA","SNA","http://www.ocair.com/","https://en.wikipedia.org/wiki/John_Wayne_Airport","Disney, Disneyland, Orange County"
3895,"KSNS","medium_airport","Salinas Municipal Airport",36.662799835205,-121.60600280762,85,"NA","US","US-CA","Salinas","no","KSNS","SNS","KSNS","SNS","http://www.ci.salinas.ca.us/services/airport/airport.cfm","https://en.wikipedia.org/wiki/Salinas_Municipal_Airport",
21094,"KSNY","medium_airport","Sidney Municipal Airport Lloyd W Carr Field",41.101299,-102.985001,4313,"NA","US","US-NE","Sidney","no","KSNY","SNY","KSNY","SNY","http://www.cityofsidney.org/283/Airport","https://en.wikipedia.org/wiki/Sidney_Municipal_Airport_(Nebraska)",
21095,"KSOA","medium_airport","Sonora Municipal Airport",30.585699081421,-100.6490020752,2140,"NA","US","US-TX","Sonora","no",,,"KSOA","SOA",,,"E29"
21097,"KSOW","medium_airport","Show Low Regional Airport",34.264062,-110.007091,6415,"NA","US","US-AZ","Show Low","yes","KSOW","SOW","KSOW","SOW",,"https://en.wikipedia.org/wiki/Show_Low_Regional_Airport",
3897,"KSPI","medium_airport","Abraham Lincoln Capital Airport",39.844101,-89.677902,598,"NA","US","US-IL","Springfield","yes","KSPI","SPI","KSPI","SPI",,"https://en.wikipedia.org/wiki/Abraham_Lincoln_Capital_Airport",
3898,"KSPS","medium_airport","Wichita Falls Municipal Airport / Sheppard Air Force Base",33.9888,-98.491898,1019,"NA","US","US-TX","Wichita Falls","yes","KSPS","SPS","KSPS","SPS","http://www.flywichitafalls.net/","https://en.wikipedia.org/wiki/Wichita_Falls_Municipal_Airport","Sheppard Air Force Base"
21105,"KSQL","medium_airport","San Carlos Airport",37.51313,-122.250838,5,"NA","US","US-CA","San Carlos","yes","KSQL","SQL","KSQL","SQL","http://publicworks.smcgov.org/san-carlos-airport","https://en.wikipedia.org/wiki/San_Carlos_Airport_(California)","San Carlos-Belmont Airport, San Mateo Country Airport"
3899,"KSRQ","large_airport","Sarasota Bradenton International Airport",27.394631,-82.554359,30,"NA","US","US-FL","Sarasota/Bradenton","yes","KSRQ","SRQ","KSRQ","SRQ","https://flysrq.com","https://en.wikipedia.org/wiki/Sarasota-Bradenton_International_Airport",
3900,"KSRR","medium_airport","Sierra Blanca Regional Airport",33.462799,-105.535004,6814,"NA","US","US-NM","Alto","no","KSRR","RUI","KSRR","SRR",,"https://en.wikipedia.org/wiki/Sierra_Blanca_Regional_Airport","Ruidoso"
3901,"KSSC","medium_airport","Shaw Air Force Base",33.972698,-80.470596,241,"NA","US","US-SC","Sumter","no","KSSC","SSC","KSSC","SSC","http://www.shaw.af.mil/","https://en.wikipedia.org/wiki/Shaw_Air_Force_Base",
21109,"KSSF","medium_airport","Stinson Municipal Airport",29.336999893188,-98.471099853516,577,"NA","US","US-TX","San Antonio","no","KSSF","SSF","KSSF","SSF","http://www.sanantonio.gov/SSF.aspx","https://en.wikipedia.org/wiki/Stinson_Municipal_Airport",
3902,"KSSI","medium_airport","St Simons Island Airport",31.1518,-81.391296,19,"NA","US","US-GA","St Simons Island","no","KSSI","SSI","KSSI","SSI","http://www.goldenisles.com/listing/mckinnon-st-simons-island-airport","https://en.wikipedia.org/wiki/Malcolm_McKinnon_Airport","Malcolm McKinnon, NAS St. Simons Island, Brunswick"
3903,"KSTC","medium_airport","Saint Cloud Regional Airport",45.5466,-94.059898,1031,"NA","US","US-MN","Saint Cloud","yes","KSTC","STC","KSTC","STC",,"https://en.wikipedia.org/wiki/St._Cloud_Regional_Airport",
3904,"KSTJ","medium_airport","Rosecrans Memorial Airport",39.771900177002,-94.909698486328,826,"NA","US","US-MO","St Joseph","no","KSTJ","STJ","KSTJ","STJ","http://www.stjoemo.info/index.aspx?NID=303","https://en.wikipedia.org/wiki/Rosecrans_Memorial_Airport",
3905,"KSTL","large_airport","St. Louis Lambert International Airport",38.748697,-90.370003,618,"NA","US","US-MO","St Louis","yes","KSTL","STL","KSTL","STL","https://www.flystl.com/","https://en.wikipedia.org/wiki/St._Louis_Lambert_International_Airport","Lambert St Louis"
3906,"KSTP","medium_airport","Saint Paul Downtown Holman Field",44.93479,-93.060036,705,"NA","US","US-MN","Saint Paul","no","KSTP","STP","KSTP","STP",,"https://en.wikipedia.org/wiki/St._Paul_Downtown_Airport","St Paul"
21114,"KSTS","medium_airport","Charles M. Schulz Sonoma County Airport",38.50899887,-122.8130035,128,"NA","US","US-CA","Santa Rosa","yes","KSTS","STS","KSTS","STS","http://www.sonomacountyairport.org/","https://en.wikipedia.org/wiki/Charles_M._Schulz_-_Sonoma_County_Airport",
21118,"KSUN","medium_airport","Friedman Memorial Airport",43.50439835,-114.2959976,5318,"NA","US","US-ID","Hailey","yes","KSUN","SUN","KSUN","SUN",,"https://en.wikipedia.org/wiki/Friedman_Memorial_Airport",
3907,"KSUS","medium_airport","Spirit of St Louis Airport",38.662102,-90.652,463,"NA","US","US-MO","St Louis","no","KSUS","SUS","KSUS","SUS","http://spiritairport.com/spiritairport/index.jsp","https://en.wikipedia.org/wiki/Spirit_of_St._Louis_Airport",
3908,"KSUU","medium_airport","Travis Air Force Base",38.262699,-121.927002,62,"NA","US","US-CA","Fairfield","no","KSUU","SUU","KSUU","SUU","http://www.travis.af.mil/","https://en.wikipedia.org/wiki/Travis_Air_Force_Base",
3909,"KSUX","medium_airport","Sioux Gateway Airport / Brigadier General Bud Day Field",42.397605,-96.382237,1098,"NA","US","US-IA","Sioux City","yes","KSUX","SUX","KSUX","SUX","https://www.sioux-city.org/government/departments-a-f/airport","https://en.wikipedia.org/wiki/Sioux_Gateway_Airport","Col. Bud Day, Sioux City AB, Sioux City AAB"
29695,"KSUZ","medium_airport","Saline County Regional Airport",34.590599,-92.479401,390,"NA","US","US-AR","Bryant","no",,,"KSUZ","SUZ","http://www.salinecounty.org/airport_new_site.htm","https://en.wikipedia.org/wiki/Saline_County_Regional_Airport","M99, Watts Field"
21121,"KSVC","medium_airport","Grant County Airport",32.636701,-108.154736,5446,"NA","US","US-NM","Silver City","yes","KSVC","SVC","KSVC","SVC",,"https://en.wikipedia.org/wiki/Grant_County_Airport_(New_Mexico)",
3910,"KSVN","medium_airport","Hunter Army Air Field",32.00999832,-81.14569855,41,"NA","US","US-GA","Savannah","no","KSVN","SVN","KSVN","SVN","http://www.stewart.army.mil/units/home.asp?id=186","https://en.wikipedia.org/wiki/Hunter_Army_Airfield",
3911,"KSWF","medium_airport","New York Stewart International Airport",41.50421,-74.108901,491,"NA","US","US-NY","Newburgh","yes","KSWF","SWF","KSWF","SWF","https://www.swfny.com/","https://en.wikipedia.org/wiki/Stewart_International_Airport",
3912,"KSWO","medium_airport","Stillwater Regional Airport",36.162132,-97.085581,1000,"NA","US","US-OK","Stillwater","yes","KSWO","SWO","KSWO","SWO","http://stillwater.org/government/city_facilities/stillwater_regional_airport/","https://en.wikipedia.org/wiki/Stillwater_Regional_Airport",
3913,"KSYR","large_airport","Syracuse Hancock International Airport",43.11119842529297,-76.1063003540039,421,"NA","US","US-NY","Syracuse","yes","KSYR","SYR","KSYR","SYR","http://www.syrairport.org/","https://en.wikipedia.org/wiki/Syracuse_Hancock_International_Airport",
3914,"KSZL","medium_airport","Whiteman Air Force Base",38.730301,-93.547897,870,"NA","US","US-MO","Knob Noster","no","KSZL","SZL","KSZL","SZL","http://www.whiteman.af.mil/","https://en.wikipedia.org/wiki/Whiteman_Air_Force_Base","Sedalia Glider Base"
3915,"KTBN","medium_airport","Waynesville-St. Robert Regional Airport-Forney Field",37.7416,-92.140701,1159,"NA","US","US-MO","Fort Leonard Wood","yes","KTBN","TBN","KTBN","TBN",,"https://en.wikipedia.org/wiki/Waynesville_Regional_Airport_at_Forney_Field",
3916,"KTCC","medium_airport","Tucumcari Municipal Airport",35.182800293,-103.602996826,4065,"NA","US","US-NM","Tucumcari","no","KTCC","TCC","KTCC","TCC","http://www.cityoftucumcari.com/airport.html","https://en.wikipedia.org/wiki/Tucumcari_Municipal_Airport",
3917,"KTCL","medium_airport","Tuscaloosa National Airport",33.2206,-87.611397,170,"NA","US","US-AL","Tuscaloosa","no","KTCL","TCL","KTCL","TCL","http://www.tuscaloosa.com/Government/Departments/Transportation/airport","https://en.wikipedia.org/wiki/Tuscaloosa_Regional_Airport",
3918,"KTCM","medium_airport","McChord Air Force Base",47.137699,-122.475998,322,"NA","US","US-WA","Tacoma","no","KTCM","TCM","KTCM","TCM",,"https://en.wikipedia.org/wiki/McChord_Air_Force_Base",
3919,"KTCS","medium_airport","Truth or Consequences Municipal Airport",33.2369,-107.272003,4853,"NA","US","US-NM","Truth or Consequences","no","KTCS","TCS","KTCS","TCS","http://www.torcnm.org/departments/airport.html","https://en.wikipedia.org/wiki/Truth_or_Consequences_Municipal_Airport",
3920,"KTEB","medium_airport","Teterboro Airport",40.850101,-74.060799,9,"NA","US","US-NJ","Teterboro","yes","KTEB","TEB","KTEB","TEB","http://www.teb.com/","https://en.wikipedia.org/wiki/Teterboro_Airport","Manhattan, New York City, NYC"
21188,"KTEX","medium_airport","Telluride Regional Airport",37.9538,-107.907997,9070,"NA","US","US-CO","Telluride","yes","KTEX","TEX","KTEX","TEX","https://tellurideairport.com/","https://en.wikipedia.org/wiki/Telluride_Regional_Airport",
3921,"KTIK","medium_airport","Tinker Air Force Base",35.4147,-97.386597,1291,"NA","US","US-OK","Oklahoma City","no","KTIK","TIK","KTIK","TIK","http://www.tinker.af.mil/","https://en.wikipedia.org/wiki/Tinker_Air_Force_Base","Midwest Air Depot"
3922,"KTIW","medium_airport","Tacoma Narrows Airport",47.267407,-122.577295,294,"NA","US","US-WA","Tacoma","yes","KTIW","TIW","KTIW","TIW",,"https://en.wikipedia.org/wiki/Tacoma_Narrows_Airport",
3923,"KTIX","medium_airport","Space Coast Regional Airport",28.514799118042,-80.799201965332,34,"NA","US","US-FL","Titusville","no","KTIX","TIX","KTIX","TIX",,"https://en.wikipedia.org/wiki/Space_Coast_Regional_Airport",
3924,"KTLH","medium_airport","Tallahassee International Airport",30.401209,-84.35433,81,"NA","US","US-FL","Tallahassee","yes","KTLH","TLH","KTLH","TLH","https://www.talgov.com/airport/airport","https://en.wikipedia.org/wiki/Tallahassee_Regional_Airport",
21204,"KTMB","medium_airport","Miami Executive Airport",25.6479,-80.4328,8,"NA","US","US-FL","Miami","no","KTMB","TMB","KTMB","TMB","http://www.miami-airport.com/kendall_tamiami.asp","https://en.wikipedia.org/wiki/Miami_Executive_Airport","Kendall-Tamiami Executive Airport"
21212,"KTOI","medium_airport","Troy Municipal Airport at N Kenneth Campbell Field",31.860399,-86.012101,398,"NA","US","US-AL","Troy","no","KTOI","TOI","KTOI","TOI","http://www.troyal.gov/KTOI","https://en.wikipedia.org/wiki/Troy_Municipal_Airport",
3925,"KTOL","medium_airport","Eugene F. Kranz Toledo Express Airport",41.5868,-83.8078,683,"NA","US","US-OH","Toledo","yes","KTOL","TOL","KTOL","TOL",,"https://en.wikipedia.org/wiki/Toledo_Express_Airport",
21213,"KTOP","medium_airport","Philip Billard Municipal Airport",39.069899,-95.622606,881,"NA","US","US-KS","Topeka","no","KTOP","TOP","KTOP","TOP","http://www.mtaa-topeka.org/billard-airport","https://en.wikipedia.org/wiki/Philip_Billard_Municipal_Airport",
3926,"KTPA","large_airport","Tampa International Airport",27.9755,-82.533203,26,"NA","US","US-FL","Tampa","yes","KTPA","TPA","KTPA","TPA","https://www.tampaairport.com/","https://en.wikipedia.org/wiki/Tampa_International_Airport",
21216,"KTPH","medium_airport","Tonopah Airport",38.06019974,-117.086998,5430,"NA","US","US-NV","Tonopah","no","KTPH","TPH","KTPH","TPH","http://www.tonopahnevada.com/airport.html","https://en.wikipedia.org/wiki/Tonopah_Airport",
3927,"KTPL","medium_airport","Draughon Miller Central Texas Regional Airport",31.1525,-97.407799,682,"NA","US","US-TX","Temple","no","KTPL","TPL","KTPL","TPL",,"https://en.wikipedia.org/wiki/Draughon%E2%80%93Miller_Central_Texas_Regional_Airport",
3928,"KTRI","medium_airport","Tri-Cities Regional TN/VA Airport",36.475201,-82.407401,1519,"NA","US","US-TN","Blountville","yes","KTRI","TRI","KTRI","TRI",,"https://en.wikipedia.org/wiki/Tri-Cities_Regional_Airport",
21220,"KTRK","medium_airport","Truckee Tahoe Airport",39.318628,-120.140562,5900,"NA","US","US-CA","Truckee","yes","KTRK","TKF","KTRK","TRK",,"https://en.wikipedia.org/wiki/Truckee_Tahoe_Airport",
21222,"KTRM","medium_airport","Jacqueline Cochran Regional Airport",33.62670135498,-116.16000366211,-115,"NA","US","US-CA","Palm Springs","no","KTRM","TRM","KTRM","TRM","http://www.rcjcra.com/","https://en.wikipedia.org/wiki/Jacqueline_Cochran_Regional_Airport","Thermal Airport, Desert Resorts Regional Airport, Thermal AAF"
21228,"KTTD","medium_airport","Portland Troutdale Airport",45.54940032959,-122.40100097656,39,"NA","US","US-OR","Portland","no","KTTD","TTD","KTTD","TTD","https://www2.portofportland.com/Airports/Troutdale/","https://en.wikipedia.org/wiki/Portland%E2%80%93Troutdale_Airport",
3929,"KTTN","medium_airport","Trenton Mercer Airport",40.276699,-74.813499,213,"NA","US","US-NJ","Ewing Township","yes","KTTN","TTN","KTTN","TTN",,"https://en.wikipedia.org/wiki/Trenton-Mercer_Airport",
21230,"KTTS","medium_airport","Space Florida Launch and Landing Facility",28.615,-80.694504,10,"NA","US","US-FL","Titusville","no",,,"KTTS","TTS",,"https://en.wikipedia.org/wiki/Shuttle_Landing_Facility",
3930,"KTUL","large_airport","Tulsa International Airport",36.197084,-95.886225,677,"NA","US","US-OK","Tulsa","yes","KTUL","TUL","KTUL","TUL",,"https://en.wikipedia.org/wiki/Tulsa_International_Airport",
3931,"KTUP","medium_airport","Tupelo Regional Airport",34.26810073852539,-88.7698974609375,346,"NA","US","US-MS","Tupelo","yes","KTUP","TUP","KTUP","TUP",,"https://en.wikipedia.org/wiki/Tupelo_Regional_Airport",
3932,"KTUS","large_airport","Tucson International Airport",32.115004,-110.938053,2643,"NA","US","US-AZ","Tucson","yes","KTUS","TUS","KTUS","TUS","https://www.flytucson.com/","https://en.wikipedia.org/wiki/Tucson_International_Airport","Morris Air National Guard Base"
3933,"KTVC","medium_airport","Cherry Capital Airport",44.741402,-85.582199,624,"NA","US","US-MI","Traverse City","yes","KTVC","TVC","KTVC","TVC","https://tvcairport.com","https://en.wikipedia.org/wiki/Cherry_Capital_Airport",
21232,"KTVF","medium_airport","Thief River Falls Regional Airport",48.065701,-96.184998,1119,"NA","US","US-MN","Thief River Falls","yes","KTVF","TVF","KTVF","TVF",,"https://en.wikipedia.org/wiki/Thief_River_Falls_Regional_Airport",
3934,"KTVL","medium_airport","Lake Tahoe Airport",38.89390182495117,-119.99500274658203,6264,"NA","US","US-CA","South Lake Tahoe","no","KTVL","TVL","KTVL","TVL",,"https://en.wikipedia.org/wiki/Lake_Tahoe_Airport",
3935,"KTWF","medium_airport","Joslin Field Magic Valley Regional Airport",42.4818,-114.487999,4154,"NA","US","US-ID","Twin Falls","yes","KTWF","TWF","KTWF","TWF",,"https://en.wikipedia.org/wiki/Magic_Valley_Regional_Airport",
3936,"KTXK","medium_airport","Texarkana Regional Airport (Webb Field)",33.453701,-93.990997,390,"NA","US","US-AR","Texarkana","yes","KTXK","TXK","KTXK","TXK",,"https://en.wikipedia.org/wiki/Texarkana_Regional_Airport",
3937,"KTYR","medium_airport","Tyler Pounds Regional Airport",32.35409927368164,-95.40239715576172,544,"NA","US","US-TX","Tyler","yes","KTYR","TYR","KTYR","TYR",,"https://en.wikipedia.org/wiki/Tyler_Pounds_Regional_Airport",
3938,"KTYS","large_airport","McGhee Tyson Airport",35.811001,-83.994003,981,"NA","US","US-TN","Knoxville/Maryville","yes","KTYS","TYS","KTYS","TYS","https://flyknowxville.com","https://en.wikipedia.org/wiki/McGhee_Tyson_Airport","Knoxville"
21261,"KU42","medium_airport","South Valley Regional Airport",40.619499,-111.992996,4607,"NA","US","US-UT","Salt Lake City","no","KSVR",,"KSVR","SVR","https://slcairport.com/about-the-airport/general-aviation/south-valley-regional-airport/","https://en.wikipedia.org/wiki/Salt_Lake_City_Municipal_2_Airport","U42"
21280,"KUAO","medium_airport","Aurora State Airport",45.247100830078125,-122.7699966430664,200,"NA","US","US-OR","Aurora","no",,,"KUAO","UAO",,"https://en.wikipedia.org/wiki/Aurora_State_Airport",
3940,"KUIN","medium_airport","Quincy Regional Airport Baldwin Field",39.942699,-91.194603,768,"NA","US","US-IL","Quincy","yes","KUIN","UIN","KUIN","UIN",,"https://en.wikipedia.org/wiki/Quincy_Regional_Airport",
3941,"KUKI","medium_airport","Ukiah Municipal Airport",39.125999,-123.200996,614,"NA","US","US-CA","Ukiah","no","KUKI","UKI","KUKI","UKI","http://www.cityofukiah.com/ukiah-airport/","https://en.wikipedia.org/wiki/Ukiah_Municipal_Airport",
21300,"KUNV","medium_airport","State College Regional Airport",40.849374,-77.84852,1239,"NA","US","US-PA","State College","yes","KUNV","SCE","KUNV","UNV","http://universityparkairport.com/","https://en.wikipedia.org/wiki/University_Park_Airport","University Park"
3942,"KUOX","medium_airport","University Oxford Airport",34.384300231934,-89.536796569824,452,"NA","US","US-MS","Oxford","no","KUOX","UOX","KUOX","UOX","http://airport.olemiss.edu/","https://en.wikipedia.org/wiki/University-Oxford_Airport",
21304,"KUTS","medium_airport","Huntsville Regional Airport",30.7469005585,-95.5871963501,363,"NA","US","US-TX","Huntsville","no","KUTS","HTV","KUTS","UTS",,"https://en.wikipedia.org/wiki/Huntsville_Regional_Airport","T39, Bruce Brothers Huntsville Regional Airport, Huntsville Municipal Airport"
21305,"KUUU","medium_airport","Newport State Airport",41.532207,-71.281039,172,"NA","US","US-RI","Newport","yes","KUUU","NPT","KUUU","UUU",,"https://en.wikipedia.org/wiki/Newport_State_Airport_(Rhode_Island)","2B4"
3943,"KVAD","medium_airport","Moody Air Force Base",30.9678001404,-83.1930007935,233,"NA","US","US-GA","Valdosta","no","KVAD","VAD","KVAD","VAD","http://www.moody.af.mil/","https://en.wikipedia.org/wiki/Moody_Air_Force_Base",
3944,"KVBG","medium_airport","Vandenberg Space Force Base",34.737301,-120.584,369,"NA","US","US-CA","Lompoc","no","KVBG","VBG","KVBG","VBG",,"https://en.wikipedia.org/wiki/Vandenberg_Air_Force_Base",
3945,"KVCT","medium_airport","Victoria Regional Airport",28.85260009765625,-96.91850280761719,115,"NA","US","US-TX","Victoria","yes","KVCT","VCT","KVCT","VCT",,"https://en.wikipedia.org/wiki/Victoria_Regional_Airport",
21318,"KVEL","medium_airport","Vernal Regional Airport",40.436214,-109.511661,5278,"NA","US","US-UT","Vernal","yes","KVEL","VEL","KVEL","VEL",,"https://en.wikipedia.org/wiki/Vernal_Airport",
21321,"KVGT","medium_airport","North Las Vegas Airport",36.209074,-115.193982,2205,"NA","US","US-NV","Las Vegas","no","KVGT","VGT","KVGT","VGT","http://www.vgt.aero/index.html","https://en.wikipedia.org/wiki/North_Las_Vegas_Airport","Northtown Airport, Las Vegas North Air Terminal"
21325,"KVIS","medium_airport","Visalia Municipal Airport",36.318699,-119.392998,295,"NA","US","US-CA","Visalia","no","KVIS","VIS","KVIS","VIS",,"https://en.wikipedia.org/wiki/Visalia_Municipal_Airport",
3946,"KVLD","medium_airport","Valdosta Regional Airport",30.782499313354492,-83.27670288085938,203,"NA","US","US-GA","Valdosta","yes","KVLD","VLD","KVLD","VLD",,"https://en.wikipedia.org/wiki/Valdosta_Regional_Airport",
21333,"KVNY","large_airport","Van Nuys Airport",34.209801,-118.489998,802,"NA","US","US-CA","Van Nuys","no","KVNY","VNY","KVNY","VNY",,"https://en.wikipedia.org/wiki/Van_Nuys_Airport",
3947,"KVOK","medium_airport","Volk Field",43.938999,-90.253403,912,"NA","US","US-WI","Camp Douglas","no","KVOK","VOK","KVOK","VOK","http://www.volkfield.ang.af.mil/","https://en.wikipedia.org/wiki/Volk_Field_Air_National_Guard_Base","Camp Williams"
3948,"KVPS","medium_airport","Destin-Fort Walton Beach Airport",30.481315,-86.515839,87,"NA","US","US-FL","Valparaiso","yes","KVPS","VPS","KVPS","VPS","http://www.flyvps.com/","https://en.wikipedia.org/wiki/Destin%E2%80%93Fort_Walton_Beach_Airport","Eglin AFB"
3949,"KVPZ","medium_airport","Porter County Municipal Airport",41.45399857,-87.00710297,770,"NA","US","US-IN","Valparaiso","no","KVPZ","VPZ","KVPZ","VPZ","http://www.vpz.org/","https://en.wikipedia.org/wiki/Porter_County_Municipal_Airport",
21335,"KVQQ","medium_airport","Cecil Airport",30.2187,-81.876701,81,"NA","US","US-FL","Jacksonville","no","KVQQ","VQQ","KVQQ","VQQ","http://www.jaxjetport.aero/index.php/cecil-airport/","https://en.wikipedia.org/wiki/Cecil_Field","NZC, KNCZ, Cecil Field NAS"
3950,"KVRB","medium_airport","Vero Beach Regional Airport",27.6556,-80.417901,24,"NA","US","US-FL","Vero Beach","yes","KVRB","VRB","KVRB","VRB","http://verobeachairport.org/","https://en.wikipedia.org/wiki/Vero_Beach_Municipal_Airport","Vero Beach Municipal"
21339,"KVTN","medium_airport","Miller Field",42.856211,-100.549192,2596,"NA","US","US-NE","Valentine","no","KVTN","VTN","KVTN","VTN",,"https://en.wikipedia.org/wiki/Miller_Field_(airport)","Valentine Municipal Airport"
21358,"KW63","medium_airport","Lake Country Regional Airport",36.595798,-78.560097,421,"NA","US","US-VA","Clarksville","no",,,"KW63","W63",,"https://en.wikipedia.org/wiki/Lake_Country_Regional_Airport",
21375,"KWJF","medium_airport","General William J Fox Airfield",34.7411,-118.219002,2351,"NA","US","US-CA","Lancaster","no","KWJF","WJF","KWJF","WJF",,"https://en.wikipedia.org/wiki/General_William_J._Fox_Airfield",
21379,"KWMC","medium_airport","Winnemucca Municipal Airport",40.8965988159,-117.805999756,4308,"NA","US","US-NV","Winnemucca","no","KWMC","WMC","KWMC","WMC",,"https://en.wikipedia.org/wiki/Winnemucca_Municipal_Airport",
3951,"KWRB","medium_airport","Robins Air Force Base",32.640099,-83.591904,294,"NA","US","US-GA","Warner Robins","no","KWRB","WRB","KWRB","WRB","http://www.robins.af.mil/","https://en.wikipedia.org/wiki/Robins_Air_Force_Base",
3952,"KWRI","medium_airport","Mc Guire Air Force Base",40.0155983,-74.59169769,131,"NA","US","US-NJ","Wrightstown","no","KWRI","WRI","KWRI","WRI","http://www.mcguire.af.mil/","https://en.wikipedia.org/wiki/McGuire_Air_Force_Base",
3953,"KWRL","medium_airport","Worland Municipal Airport",43.965698,-107.950996,4227,"NA","US","US-WY","Worland","no","KWRL","WRL","KWRL","WRL",,"https://en.wikipedia.org/wiki/Worland_Municipal_Airport",
21382,"KWST","medium_airport","Westerly State Airport",41.349602,-71.803398,81,"NA","US","US-RI","Westerly","yes","KWST","WST","KWST","WST",,"https://en.wikipedia.org/wiki/Westerly_State_Airport",
3954,"KWWD","medium_airport","Cape May County Airport",39.008499145500004,-74.9083023071,23,"NA","US","US-NJ","Wildwood","no","KWWD","WWD","KWWD","WWD",,"https://en.wikipedia.org/wiki/Cape_May_Airport",
21386,"KWWR","medium_airport","West Woodward Airport",36.438,-99.5226667,2189,"NA","US","US-OK","Woodward","no","KWWR","WWR","KWWR","WWR","http://www.cityofwoodward.com/airport-89/","https://en.wikipedia.org/wiki/West_Woodward_Airport",
3955,"KWYS","medium_airport","Yellowstone Airport",44.6884,-111.117996,6649,"NA","US","US-MT","West Yellowstone","yes","KWYS","WYS","KWYS","WYS","https://yellowstoneairport.mdt.mt.gov","https://en.wikipedia.org/wiki/Yellowstone_Airport",
21403,"KX51","medium_airport","Miami Homestead General Aviation Airport",25.499201,-80.554296,7,"NA","US","US-FL","Homestead","no",,,,"X51","http://www.miami-airport.com/homestead.asp","https://en.wikipedia.org/wiki/Homestead_General_Aviation_Airport",
3956,"KXMR","medium_airport","Cape Canaveral SFS Skid Strip",28.4676,-80.566597,10,"NA","US","US-FL","Cocoa Beach","no","KXMR",,"KXMR","XMR",,"https://en.wikipedia.org/wiki/Cape_Canaveral_AFS_Skid_Strip",
21410,"KXNA","medium_airport","Northwest Arkansas National Airport",36.281898,-94.306801,1287,"NA","US","US-AR","Fayetteville/Springdale/Rogers","yes","KXNA","XNA","KXNA","XNA","http://www.flyxna.com/","https://en.wikipedia.org/wiki/Northwest_Arkansas_Regional_Airport","Bentonville, Rogers"
28148,"KXTA","medium_airport","Homey (Area 51) Airport",37.23500061035156,-115.81099700927734,4462,"NA","US","US-NV","Groom Lake","no",,,"KXTA",,,"https://en.wikipedia.org/wiki/Area_51","Dreamland, Paradise Ranch, Home Base, Watertown Strip"
324440,"KXWA","medium_airport","Williston Basin International Airport",48.260863,-103.75116,2344,"NA","US","US-ND","Williston","yes","KXWA","XWA","KXWA","XWA","http://www.xwaproject.com/","https://en.wikipedia.org/wiki/Williston_Basin_International_Airport",
3957,"KYIP","medium_airport","Willow Run Airport",42.2379,-83.530403,716,"NA","US","US-MI","Detroit","no","KYIP","YIP","KYIP","YIP",,"https://en.wikipedia.org/wiki/Willow_Run_Airport","DTT"
3958,"KYKM","medium_airport","Yakima Air Terminal McAllister Field",46.56819916,-120.5439987,1099,"NA","US","US-WA","Yakima","yes","KYKM","YKM","KYKM","YKM",,"https://en.wikipedia.org/wiki/Yakima_Air_Terminal",
3959,"KYKN","medium_airport","Chan Gurney Municipal Airport",42.916698455811,-97.385902404785,1306,"NA","US","US-SD","Yankton","no","KYKN","YKN","KYKN","YKN","http://www.cityofyankton.org/publicworks/airport/","https://en.wikipedia.org/wiki/Chan_Gurney_Municipal_Airport",
3960,"KYNG","medium_airport","Youngstown Warren Regional Airport",41.26070023,-80.67910004,1192,"NA","US","US-OH","Youngstown/Warren","no","KYNG","YNG","KYNG","YNG",,"https://en.wikipedia.org/wiki/Youngstown-Warren_Regional_Airport",
3967,"KZZV","medium_airport","Zanesville Municipal Airport",39.9444007874,-81.89209747310001,900,"NA","US","US-OH","Zanesville","no","KZZV","ZZV","KZZV","ZZV",,"https://en.wikipedia.org/wiki/Zanesville_Municipal_Airport",
5336,"PAAQ","medium_airport","Warren ""Bud"" Woods Palmer Municipal Airport",61.594898,-149.08901,242,"NA","US","US-AK","Palmer","no","PAAQ","PAQ","PAAQ","PAQ",,"https://en.wikipedia.org/wiki/Palmer_Municipal_Airport","Palmer Muni, Palmer Buddy Woods Municipal"
5337,"PABA","medium_airport","Barter Island Long Range Radar Station Airport",70.134003,-143.582001,2,"NA","US","US-AK","Barter Island","yes","PABA","BTI","PABA","BTI",,"https://en.wikipedia.org/wiki/Barter_Island_LRRS_Airport",
5338,"PABE","medium_airport","Bethel Airport",60.77980042,-161.8379974,126,"NA","US","US-AK","Bethel","yes","PABE","BET","PABE","BET",,"https://en.wikipedia.org/wiki/Bethel_Airport",
5339,"PABI","medium_airport","Allen Army Airfield",63.9944992065,-145.722000122,1291,"NA","US","US-AK","Delta Junction Ft Greely","no","PABI","BIG","PABI","BIG",,"https://en.wikipedia.org/wiki/Allen_Army_Airfield00000000000000","Big Delta Army Airfield"
5342,"PABR","medium_airport","Wiley Post Will Rogers Memorial Airport",71.285402,-156.766008,44,"NA","US","US-AK","Utqiaġvik","yes","PABR","BRW","PABR","BRW",,"https://en.wikipedia.org/wiki/Wiley_Post-Will_Rogers_Memorial_Airport","Barrow"
5344,"PABV","medium_airport","Birchwood Airport",61.4165,-149.507004,83,"NA","US","US-AK","Birchwood","no","PABV",,"PABV","BCV",,"https://en.wikipedia.org/wiki/Birchwood_Airport",
5345,"PACD","medium_airport","Cold Bay Airport",55.207871,-162.725029,96,"NA","US","US-AK","Cold Bay","yes","PACD","CDB","PACD","CDB",,"https://en.wikipedia.org/wiki/Cold_Bay_Airport",
5346,"PACL","medium_airport","Clear Airport",64.299738,-149.117432,552,"NA","US","US-AK","Clear","no","PACL",,"PACL","Z84",,"https://en.wikipedia.org/wiki/Clear_Airport",
5348,"PACV","medium_airport","Merle K (Mudhole) Smith Airport",60.491798,-145.477997,54,"NA","US","US-AK","Cordova","yes","PACV","CDV","PACV","CDV",,"https://en.wikipedia.org/wiki/Merle_K._(Mudhole)_Smith_Airport","Cordova Mile 13"
5349,"PACZ","medium_airport","Cape Romanzof LRRS Airport",61.78030014,-166.0390015,464,"NA","US","US-AK","Cape Romanzof","no","PACZ","CZF","PACZ","CZF",,"https://en.wikipedia.org/wiki/Cape_Romanzof_LRRS_Airport",
5350,"PADE","medium_airport","Deering Airport",66.068901,-162.766914,21,"NA","US","US-AK","Deering","yes","PADE","DRG","PADE","DEE",,"https://en.wikipedia.org/wiki/Deering_Airport","0Z0"
16092,"PADK","medium_airport","Adak Airport",51.883564,-176.642783,18,"NA","US","US-AK","Adak","yes","PADK","ADK","PADK","ADK",,"https://en.wikipedia.org/wiki/Adak_Airport",
5351,"PADL","medium_airport","Dillingham Airport",59.04470062,-158.5050049,81,"NA","US","US-AK","Dillingham","yes","PADL","DLG","PADL","DLG",,"https://en.wikipedia.org/wiki/Dillingham_Airport",
5353,"PADQ","medium_airport","Kodiak Airport",57.75,-152.4940033,78,"NA","US","US-AK","Kodiak","yes","PADQ","ADQ","PADQ","ADQ",,"https://en.wikipedia.org/wiki/Kodiak_Airport",
5354,"PADU","medium_airport","Tom Madsen (Dutch Harbor) Airport",53.89881,-166.544996,22,"NA","US","US-AK","Unalaska","yes","PADU","DUT","PADU","DUT",,"https://en.wikipedia.org/wiki/Unalaska_Airport","Dutch Harbor, Unalaska"
5355,"PAED","medium_airport","Elmendorf Air Force Base",61.251709,-149.807097,212,"NA","US","US-AK","Anchorage","no","PAED","EDF","PAED","EDF",,"https://en.wikipedia.org/wiki/Elmendorf_Air_Force_Base",
5356,"PAEH","medium_airport","Cape Newenham LRRS Airport",58.646400451699996,-162.06300354,541,"NA","US","US-AK","Cape Newenham","no","PAEH","EHM","PAEH","EHM",,"https://en.wikipedia.org/wiki/Cape_Newenham_LRRS_Airport",
5357,"PAEI","medium_airport","Eielson Air Force Base",64.66570282,-147.102005,547,"NA","US","US-AK","Fairbanks","no","PAEI","EIL","PAEI","EIL",,"https://en.wikipedia.org/wiki/Eielson_Air_Force_Base",
5358,"PAEM","medium_airport","Emmonak Airport",62.78609848,-164.4909973,13,"NA","US","US-AK","Emmonak","yes","PAEM","EMK","PAEM","ENM",,"https://en.wikipedia.org/wiki/Emmonak_Airport",
5359,"PAEN","medium_airport","Kenai Municipal Airport",60.570946,-151.245174,99,"NA","US","US-AK","Kenai","yes","PAEN","ENA","PAEN","ENA",,"https://en.wikipedia.org/wiki/Kenai_Municipal_Airport",
5360,"PAFA","medium_airport","Fairbanks International Airport",64.815102,-147.856003,439,"NA","US","US-AK","Fairbanks","yes","PAFA","FAI","PAFA","FAI",,"https://en.wikipedia.org/wiki/Fairbanks_International_Airport",
5361,"PAFB","medium_airport","Ladd Army Airfield",64.837502,-147.613998,454,"NA","US","US-AK","Fairbanks","no","PAFB","FBK","PAFB","FBK",,"https://en.wikipedia.org/wiki/Ladd_Army_Airfield","Fort Wainwright"
5362,"PAFE","medium_airport","Kake Airport",56.961312,-133.910202,172,"NA","US","US-AK","Kake","no","PAFE",,"PAFE","AFE",,"https://en.wikipedia.org/wiki/Kake_Airport","K23"
5363,"PAFM","medium_airport","Ambler Airport",67.105529,-157.855339,334,"NA","US","US-AK","Ambler","yes","PAFM","ABL","PAFM","AFM",,"https://en.wikipedia.org/wiki/Ambler_Airport","Z60"
5365,"PAGA","medium_airport","Edward G. Pitka Sr Airport",64.736198,-156.936997,153,"NA","US","US-AK","Galena","yes","PAGA","GAL","PAGA","GAL",,"https://en.wikipedia.org/wiki/Edward_G._Pitka_Sr._Airport",
5367,"PAGK","medium_airport","Gulkana Airport",62.155859,-145.454662,1586,"NA","US","US-AK","Gulkana","yes","PAGK","GKN","PAGK","GKN",,"https://en.wikipedia.org/wiki/Gulkana_Airport",
5368,"PAGM","medium_airport","Gambell Airport",63.767694,-171.733303,27,"NA","US","US-AK","Gambell","yes","PAGM","GAM","PAGM","GAM",,"https://en.wikipedia.org/wiki/Gambell_Airport",
5369,"PAGS","medium_airport","Gustavus Airport",58.4253006,-135.7070007,35,"NA","US","US-AK","Gustavus","yes","PAGS","GST","PAGS","GST",,"https://en.wikipedia.org/wiki/Gustavus_Airport",
17619,"PAHC","medium_airport","Holy Cross Airport",62.18830108642578,-159.77499389648438,70,"NA","US","US-AK","Holy Cross","yes","PAHC","HCR","PAHC","HCA",,"https://en.wikipedia.org/wiki/Holy_Cross_Airport","4Z4"
5370,"PAHL","medium_airport","Huslia Airport",65.697899,-156.350998,220,"NA","US","US-AK","Huslia","yes","PAHL","HSL","PAHL","HLA",,"https://en.wikipedia.org/wiki/Huslia_Airport",
5372,"PAHN","medium_airport","Haines Airport",59.243921,-135.523925,15,"NA","US","US-AK","Haines","yes","PAHN","HNS","PAHN","HNS",,"https://en.wikipedia.org/wiki/Haines_Airport",
5373,"PAHO","medium_airport","Homer Airport",59.644456,-151.479235,84,"NA","US","US-AK","Homer","yes","PAHO","HOM","PAHO","HOM",,"https://en.wikipedia.org/wiki/Homer_Airport",
5375,"PAII","medium_airport","Egegik Airport",58.184386,-157.374873,92,"NA","US","US-AK","Egegik","yes","PAII","EGX","PAII","EII",,"https://en.wikipedia.org/wiki/Egegik_Airport",
5376,"PAIK","medium_airport","Bob Baker Memorial Airport",66.976128,-160.439014,166,"NA","US","US-AK","Kiana","yes","PAIK","IAN","PAIK","IAN",,"https://en.wikipedia.org/wiki/Bob_Baker_Memorial_Airport",
5377,"PAIL","medium_airport","Iliamna Airport",59.754398,-154.910996,192,"NA","US","US-AK","Iliamna","yes","PAIL","ILI","PAIL","ILI",,"https://en.wikipedia.org/wiki/Iliamna_Airport",
5378,"PAIM","medium_airport","Indian Mountain LRRS Airport",65.992798,-153.703995,1273,"NA","US","US-AK","Utopia Creek","yes","PAIM","UTO","PAIM","UTO",,"https://en.wikipedia.org/wiki/Indian_Mountain_LRRS_Airport",
5379,"PAJN","medium_airport","Juneau International Airport",58.354935,-134.574416,21,"NA","US","US-AK","Juneau","yes","PAJN","JNU","PAJN","JNU","https://juneau.org/airport","https://en.wikipedia.org/wiki/Juneau_International_Airport",
5380,"PAKN","medium_airport","King Salmon Airport",58.677845,-156.651965,73,"NA","US","US-AK","King Salmon","yes","PAKN","AKN","PAKN","AKN",,"https://en.wikipedia.org/wiki/King_Salmon_Airport","Naknek Air Force Base"
5381,"PAKP","medium_airport","Anaktuvuk Pass Airport",68.133598,-151.742996,2102,"NA","US","US-AK","Anaktuvuk Pass","yes","PAKP","AKP","PAKP","AKP",,"https://en.wikipedia.org/wiki/Anaktuvuk_Pass_Airport",
5382,"PAKT","medium_airport","Ketchikan International Airport",55.35559845,-131.7140045,89,"NA","US","US-AK","Ketchikan","yes","PAKT","KTN","PAKT","KTN",,"https://en.wikipedia.org/wiki/Ketchikan_International_Airport",
5383,"PAKW","medium_airport","Klawock Airport",55.579201,-133.076004,80,"NA","US","US-AK","Klawock","yes","PAKW","KLW","PAKW","AKW",,"https://en.wikipedia.org/wiki/Klawock_Airport","9Z1"
5385,"PALU","medium_airport","Cape Lisburne LRRS Airport",68.875099,-166.110001,16,"NA","US","US-AK","Cape Lisburne","yes","PALU","LUR","PALU","LUR",,"https://en.wikipedia.org/wiki/Cape_Lisburne_LRRS_Airport",
21844,"PAMC","medium_airport","McGrath Airport",62.95289993,-155.6060028,341,"NA","US","US-AK","McGrath","yes","PAMC","MCG","PAMC","MCG",,"https://en.wikipedia.org/wiki/McGrath_Airport",
5386,"PAMR","medium_airport","Merrill Field",61.212792,-149.843988,137,"NA","US","US-AK","Anchorage","yes","PAMR","MRI","PAMR","MRI",,"https://en.wikipedia.org/wiki/Merrill_Field",
5387,"PAMY","medium_airport","Mekoryuk Airport",60.372338,-166.269751,48,"NA","US","US-AK","Mekoryuk","yes","PAMY","MYU","PAMY","MYU",,"https://en.wikipedia.org/wiki/Mekoryuk_Airport",
5388,"PANC","large_airport","Ted Stevens Anchorage International Airport",61.179004,-149.992561,152,"NA","US","US-AK","Anchorage","yes","PANC","ANC","PANC","ANC","https://dot.alaska.gov/anc/","https://en.wikipedia.org/wiki/Ted_Stevens_Anchorage_International_Airport",
16291,"PANI","medium_airport","Aniak Airport",61.581600189208984,-159.54299926757812,88,"NA","US","US-AK","Aniak","yes","PANI","ANI","PANI","ANI",,"https://en.wikipedia.org/wiki/Aniak_Airport",
5390,"PANN","medium_airport","Nenana Municipal Airport",64.548772,-149.074516,362,"NA","US","US-AK","Nenana","no","PANN","ENN","PANN","ENN",,"https://en.wikipedia.org/wiki/Nenana_Municipal_Airport",
5391,"PANT","medium_airport","Annette Island Airport",55.037663,-131.572609,119,"NA","US","US-AK","Metlakatla","no","PANT","ANN","PANT","ANN",,"https://en.wikipedia.org/wiki/Annette_Island_Airport",
5392,"PANV","medium_airport","Anvik Airport",62.646702,-160.190994,291,"NA","US","US-AK","Anvik","yes","PANV","ANV","PANV","ANV",,"https://en.wikipedia.org/wiki/Anvik_Airport",
5393,"PAOM","medium_airport","Nome Airport",64.51219940185547,-165.44500732421875,37,"NA","US","US-AK","Nome","yes","PAOM","OME","PAOM","OME",,"https://en.wikipedia.org/wiki/Nome_Airport",
5394,"PAOR","medium_airport","Northway Airport",62.9613,-141.929001,1715,"NA","US","US-AK","Northway","yes","PAOR","ORT","PAOR","ORT",,"https://en.wikipedia.org/wiki/Northway_Airport",
5395,"PAOT","medium_airport","Ralph Wien Memorial Airport",66.88469696,-162.598999,14,"NA","US","US-AK","Kotzebue","yes","PAOT","OTZ","PAOT","OTZ",,"https://en.wikipedia.org/wiki/Ralph_Wien_Memorial_Airport",
5396,"PAPB","medium_airport","St George Airport",56.577345,-169.663823,125,"NA","US","US-AK","St George","yes","PAPB","STG","PAPB","PBV",,"https://en.wikipedia.org/wiki/St._George_Airport_(Alaska)","A8L"
5397,"PAPC","medium_airport","Port Clarence Coast Guard Station",65.2537002563,-166.85899353,10,"NA","US","US-AK","Port Clarence","no","PAPC","KPC","PAPC","KPC",,"https://en.wikipedia.org/wiki/Port_Clarence_Coast_Guard_Station",
5398,"PAPG","medium_airport","Petersburg James A Johnson Airport",56.80170059,-132.9450073,111,"NA","US","US-AK","Petersburg","yes","PAPG","PSG","PAPG","PSG",,"https://en.wikipedia.org/wiki/Petersburg_James_A._Johnson_Airport",
5399,"PAPH","medium_airport","Port Heiden Airport",56.957893,-158.630219,95,"NA","US","US-AK","Port Heiden","yes","PAPH","PTH","PAPH","PTH",,"https://en.wikipedia.org/wiki/Port_Heiden_Airport",
5400,"PAPM","medium_airport","Platinum Airport",59.017675,-161.827927,15,"NA","US","US-AK","Platinum","yes","PAPM","PTU","PAPM","PTU",,"https://en.wikipedia.org/wiki/Platinum_Airport",
5401,"PAQT","medium_airport","Nuiqsut Airport",70.209999,-151.005998,38,"NA","US","US-AK","Nuiqsut","yes","PAQT","NUI","PAQT","AQT",,"https://en.wikipedia.org/wiki/Nuiqsut_Airport","10AK"
5402,"PARC","medium_airport","Arctic Village Airport",68.1147,-145.578995,2092,"NA","US","US-AK","Arctic Village","yes","PARC","ARC","PARC","ARC",,"https://en.wikipedia.org/wiki/Arctic_Village_Airport",
5403,"PARY","medium_airport","Ruby Airport",64.727203,-155.470001,658,"NA","US","US-AK","Ruby","yes","PARY","RBY","PARY","RBY",,"https://en.wikipedia.org/wiki/Ruby_Airport",
5404,"PASA","medium_airport","Savoonga Airport",63.686401,-170.492996,53,"NA","US","US-AK","Savoonga","yes","PASA","SVA","PASA","SVA",,"https://en.wikipedia.org/wiki/Savoonga_Airport",
5405,"PASC","medium_airport","Deadhorse Airport",70.19470215,-148.4649963,65,"NA","US","US-AK","Deadhorse","yes","PASC","SCC","PASC","SCC",,"https://en.wikipedia.org/wiki/Deadhorse_Airport",
5406,"PASD","medium_airport","Sand Point Airport",55.313908,-160.522099,21,"NA","US","US-AK","Sand Point","yes","PASD","SDP","PASD","SDP",,"https://en.wikipedia.org/wiki/Sand_Point_Airport",
5408,"PASI","medium_airport","Sitka Rocky Gutierrez Airport",57.04710006713867,-135.36199951171875,21,"NA","US","US-AK","Sitka","yes","PASI","SIT","PASI","SIT",,"https://en.wikipedia.org/wiki/Sitka_Rocky_Gutierrez_Airport",
5410,"PASN","medium_airport","St Paul Island Airport",57.166311,-170.222555,63,"NA","US","US-AK","St Paul Island","yes","PASN","SNP","PASN","SNP",,"https://en.wikipedia.org/wiki/St._Paul_Island_Airport","Pribilof"
5411,"PASV","medium_airport","Sparrevohn LRRS Airport",61.09740067,-155.5740051,1585,"NA","US","US-AK","Sparrevohn","no","PASV","SVW","PASV","SVW",,"https://en.wikipedia.org/wiki/Sparrevohn_LRRS_Airport",
5412,"PASX","medium_airport","Soldotna Airport",60.474935,-151.038471,113,"NA","US","US-AK","Soldotna","no","PASX","SXQ","PASX","SXQ",,"https://en.wikipedia.org/wiki/Soldotna_Airport",
5413,"PASY","medium_airport","Eareckson Air Station",52.71229935,174.1139984,95,"NA","US","US-AK","Shemya","no","PASY","SYA","PASY","SYA",,"https://en.wikipedia.org/wiki/Eareckson_Air_Station",
24910,"PATK","medium_airport","Talkeetna Airport",62.320499420166,-150.09399414062,358,"NA","US","US-AK","Talkeetna","no","PATK","TKA","PATK","TKA",,"https://en.wikipedia.org/wiki/Talkeetna_Airport",
5415,"PATL","medium_airport","Tatalina LRRS Airport",62.894401550299996,-155.977005005,964,"NA","US","US-AK","Takotna","no","PATL","TLJ","PATL","TLJ",,"https://en.wikipedia.org/wiki/Tatalina_LRRS_Airport",
5416,"PATQ","medium_airport","Atqasuk Edward Burnell Sr Memorial Airport",70.46704,-157.436013,96,"NA","US","US-AK","Atqasuk","yes","PATQ","ATK","PATQ","ATK",,"https://en.wikipedia.org/wiki/Atqasuk_Edward_Burnell_Sr._Memorial_Airport","Z46"
5389,"PAUN","medium_airport","Unalakleet Airport",63.888401,-160.798996,27,"NA","US","US-AK","Unalakleet","yes","PAUN","UNK","PAUN","UNK",,"https://en.wikipedia.org/wiki/Unalakleet_Airport",
5418,"PAVD","medium_airport","Valdez Pioneer Field",61.132712,-146.246567,121,"NA","US","US-AK","Valdez","yes","PAVD","VDZ","PAVD","VDZ",,"https://en.wikipedia.org/wiki/Valdez_Airport","Valdez Number 2"
5420,"PAWD","medium_airport","Seward Airport",60.130478,-149.418612,22,"NA","US","US-AK","Seward","no","PAWD","SWD","PAWD","SWD",,"https://en.wikipedia.org/wiki/Seward_Airport",
5421,"PAWG","medium_airport","Wrangell Airport",56.48429871,-132.3699951,49,"NA","US","US-AK","Wrangell","yes","PAWG","WRG","PAWG","WRG",,"https://en.wikipedia.org/wiki/Wrangell_Airport",
5422,"PAWI","medium_airport","Wainwright Airport",70.638,-159.994995,41,"NA","US","US-AK","Wainwright","yes","PAWI","AIN","PAWI","AWI",,"https://en.wikipedia.org/wiki/Wainwright_Airport_(Alaska)","5WW"
5424,"PAWS","medium_airport","Wasilla Airport",61.571701,-149.539993,354,"NA","US","US-AK","Wasilla","no","PAWS","WWA","PAWS","IYS",,"https://en.wikipedia.org/wiki/Wasilla_Airport","4A1"
26343,"PAYA","medium_airport","Yakutat Airport",59.508717,-139.660435,33,"NA","US","US-AK","Yakutat","yes","PAYA","YAK","PAYA","YAK",,"https://en.wikipedia.org/wiki/Yakutat_Airport",
5429,"PFYU","medium_airport","Fort Yukon Airport",66.571651,-145.249987,433,"NA","US","US-AK","Fort Yukon","yes","PFYU","FYU","PFYU","FYU",,"https://en.wikipedia.org/wiki/Fort_Yukon_Airport",
5441,"PHBK","medium_airport","Barking Sands Airport",22.0228,-159.785004,23,"OC","US","US-HI","Kekaha","no","PHBK","BKH","PHBK","BKH",,"https://en.wikipedia.org/wiki/Pacific_Missile_Range_Facility","Pacific Missle Range Facility Barking Sands, Kauai"
5444,"PHHN","medium_airport","Hana Airport",20.795601,-156.014008,78,"OC","US","US-HI","Hana","yes","PHHN","HNM","PHHN","HNM",,"https://en.wikipedia.org/wiki/Hana_Airport",
335883,"PHIK","medium_airport","Hickam Air Force Base",21.335278,-157.948333,13,"OC","US","US-HI","Honolulu","no","PHIK",,"PHIK","HIK","https://www.hickam.af.mil","https://en.wikipedia.org/wiki/Hickam_Air_Force_Base",
5446,"PHJH","medium_airport","Kapalua Airport",20.9629,-156.673004,256,"OC","US","US-HI","Lahaina","yes","PHJH","JHM","PHJH","JHM",,"https://en.wikipedia.org/wiki/Kapalua_Airport",
5447,"PHJR","medium_airport","Kalaeloa Airport",21.3074,-158.070009,30,"OC","US","US-HI","Kapolei","no","PHJR","JRF","PHJR","JRF","http://airports.hawaii.gov/jrf/","https://en.wikipedia.org/wiki/Kalaeloa_Airport","NAX, Naval Air Station Barbers Point, John Rodgers Field"
5448,"PHKO","large_airport","Ellison Onizuka Kona International Airport at Keāhole",19.738783,-156.045603,47,"OC","US","US-HI","Kailua-Kona","yes","PHKO","KOA","PHKO","KOA","https://airports.hawaii.gov/koa/","https://en.wikipedia.org/wiki/Kona_International_Airport",
5449,"PHLI","large_airport","Lihue Airport",21.974393,-159.337146,153,"OC","US","US-HI","Lihue, Kauai","yes","PHLI","LIH","PHLI","LIH","https://airports.hawaii.gov/lih","https://en.wikipedia.org/wiki/Lihu'e_Airport",
5450,"PHMK","medium_airport","Molokai Airport",21.152901,-157.095993,454,"OC","US","US-HI","Kaunakakai","yes","PHMK","MKK","PHMK","MKK",,"https://en.wikipedia.org/wiki/Molokai_Airport",
5451,"PHMU","medium_airport","Waimea Kohala Airport",20.001301,-155.667999,2671,"OC","US","US-HI","Waimea (Kamuela)","yes","PHMU","MUE","PHMU","MUE",,"https://en.wikipedia.org/wiki/Waimea-Kohala_Airport",
5452,"PHNG","medium_airport","Kaneohe Bay MCAS (Marion E. Carl Field) Airport",21.4505,-157.768005,24,"OC","US","US-HI","Kaneohe","no","PHNG","NGF","PHNG","NGF","http://www.mcbhawaii.marines.mil/Units/SubordinateCommands/MarineCorpsAirStation.aspx","https://en.wikipedia.org/wiki/Marine_Corps_Air_Station_Kaneohe_Bay",
5453,"PHNL","large_airport","Daniel K. Inouye International Airport",21.318387,-157.92567,13,"NA","US","US-HI","Honolulu, Oahu","yes","PHNL","HNL","PHNL","HNL","http://airports.hawaii.gov/hnl/","https://en.wikipedia.org/wiki/Daniel_K._Inouye_International_Airport","Hickam Air Force Base, HIK, PHIK, KHNL, Honolulu International"
5454,"PHNY","medium_airport","Lanai Airport",20.785675,-156.951324,1308,"OC","US","US-HI","Lanai City","yes","PHNY","LNY","PHNY","LNY",,"https://en.wikipedia.org/wiki/Lanai_Airport",
5455,"PHOG","large_airport","Kahului International Airport",20.896263,-156.431837,54,"OC","US","US-HI","Kahului","yes","PHOG","OGG","PHOG","OGG","https://airports.hawaii.gov/ogg/","https://en.wikipedia.org/wiki/Kahului_Airport",
5457,"PHTO","medium_airport","Hilo International Airport",19.72135,-155.045428,38,"OC","US","US-HI","Hilo","yes","PHTO","ITO","PHTO","ITO",,"https://en.wikipedia.org/wiki/Hilo_International_Airport",
5495,"PPIZ","medium_airport","Point Lay LRRS Airport",69.732903,-163.005005,22,"NA","US","US-AK","Point Lay","yes","PPIZ","PIZ","PPIZ","PIZ",,"https://en.wikipedia.org/wiki/Point_Lay_LRRS_Airport",
